course_number,course_name,units,section_code,quarter,year,professor,time,core_area,application,flagship,r1_price_new,r1_price_returning,bid_matched,strict_prereqs,recommended_prereqs,conc:Accounting,conc:Applied Artificial Intelligence,conc:Behavioral Science,conc:Business Analytics,"conc:Business, Society and Sustainability",conc:Econometrics and Statistics,conc:Economics,conc:Entrepreneurship,conc:Finance,conc:Analytic Finance,conc:General Management,conc:Healthcare,conc:International Business,conc:Marketing Management,conc:Operations Management,conc:Strategic Management
30000,FINANCIAL ACCOUNTING,100,30000-06,Autumn,2025,"Errico, Marco",W 8:30 AM-11:30 AM,Financial Accounting,,,88,0,Y,,,Y,,,,,,,,,,,,,,,
30000,FINANCIAL ACCOUNTING,100,30000-07,Autumn,2025,"Errico, Marco",TH 8:30 AM-11:30 AM,Financial Accounting,,,0,0,Y,,,Y,,,,,,,,,,,,,,,
30000,FINANCIAL ACCOUNTING,100,30000-85,Autumn,2025,"Errico, Marco",S 1:30 PM-4:30 PM,Financial Accounting,,,0,0,Y,,,Y,,,,,,,,,,,,,,,
30000,FINANCIAL ACCOUNTING,100,30000-04,Autumn,2025,"Granja, Joao",F 8:30 AM-11:30 AM,Financial Accounting,,,0,0,Y,,,Y,,,,,,,,,,,,,,,
30000,FINANCIAL ACCOUNTING,100,30000-05,Autumn,2025,"Granja, Joao",F 1:30 PM-4:30 PM,Financial Accounting,,,0,0,Y,,,Y,,,,,,,,,,,,,,,
30000,FINANCIAL ACCOUNTING,100,30000-81,Summer,2026,,M 6:00 PM-9:00 PM,Financial Accounting,,,,,,,,Y,,,,,,,,,,,,,,,
30000,FINANCIAL ACCOUNTING,100,30000-01,Winter,2026,"Heltzer, Wendy",,Financial Accounting,,,0,0,Y,,,Y,,,,,,,,,,,,,,,
30000,FINANCIAL ACCOUNTING,100,30000-02,Winter,2026,"Heltzer, Wendy",T 1:30 PM-4:30 PM,Financial Accounting,,,0,0,Y,,,Y,,,,,,,,,,,,,,,
30000,FINANCIAL ACCOUNTING,100,30000-81,Winter,2026,"Heltzer, Wendy",W 6:00 PM-9:00 PM,Financial Accounting,,,0,0,Y,,,Y,,,,,,,,,,,,,,,
30000,FINANCIAL ACCOUNTING,100,30000-85,Winter,2026,"Kleymenova, Anya",S 1:30 PM-4:30 PM,Financial Accounting,,,0,0,Y,,,Y,,,,,,,,,,,,,,,
30000,FINANCIAL ACCOUNTING,100,30000-81,Spring,2026,"Le, Anthony",,Financial Accounting,,,0,0,Y,,,Y,,,,,,,,,,,,,,,
30000,FINANCIAL ACCOUNTING,100,30000-85,Spring,2026,"Le, Anthony",S 1:30 PM-4:30 PM,Financial Accounting,,,0,0,Y,,,Y,,,,,,,,,,,,,,,
30000,FINANCIAL ACCOUNTING,100,30000-01,Autumn,2025,"Nikolaev, Valeri",M 1:30 PM-4:30 PM,Financial Accounting,,,0,0,Y,,,Y,,,,,,,,,,,,,,,
30000,FINANCIAL ACCOUNTING,100,30000-02,Autumn,2025,"Nikolaev, Valeri",T 8:30 AM-11:30 AM,Financial Accounting,,,1201,0,Y,,,Y,,,,,,,,,,,,,,,
30000,FINANCIAL ACCOUNTING,100,30000-03,Autumn,2025,"Nikolaev, Valeri",T 1:30 PM-4:30 PM,Financial Accounting,,,300,0,Y,,,Y,,,,,,,,,,,,,,,
30000,FINANCIAL ACCOUNTING,100,30000-81,Autumn,2025,"Nikolaev, Valeri",M 6:00 PM-9:00 PM,Financial Accounting,,,0,0,Y,,,Y,,,,,,,,,,,,,,,
30000,FINANCIAL ACCOUNTING,100,30000-08,Autumn,2025,,T 8:30 AM-11:30 AM,Financial Accounting,,,,,,,,Y,,,,,,,,,,,,,,,
30000,FINANCIAL ACCOUNTING,100,30000-09,Autumn,2025,,T 1:30 PM-4:30 PM,Financial Accounting,,,,,,,,Y,,,,,,,,,,,,,,,
30005,INTERNAL INFORMATION FOR STRATEGIC DECISIONS,100,30005-01,Winter,2026,"Costello, Anna",M 8:30 AM-11:30 AM,Decisions,,,0,0,Y,,30000 33001 41000 41100 20101 30001,Y,,,,,,,,,,,,,,,
30005,INTERNAL INFORMATION FOR STRATEGIC DECISIONS,100,30005-02,Winter,2026,"Costello, Anna",M 1:30 PM-4:30 PM,Decisions,,,1500,1500,Y,,30000 33001 41000 41100 20101 30001,Y,,,,,,,,,,,,,,,
30005,INTERNAL INFORMATION FOR STRATEGIC DECISIONS,100,30005-85,Winter,2026,"Costello, Anna",S 9:00 AM-12:00 PM,Decisions,,,1,1,Y,,30000 33001 41000 41100 20101 30001,Y,,,,,,,,,,,,,,,
30005,INTERNAL INFORMATION FOR STRATEGIC DECISIONS,100,30005-81,Summer,2026,,W 6:00 PM-9:00 PM,Decisions,,,,,,,30000 33001 41000 41100 20101 30001,Y,,,,,,,,,,,,,,,
30005,INTERNAL INFORMATION FOR STRATEGIC DECISIONS,100,30005-01,Spring,2026,"Stewart, Christopher",M 8:30 AM-11:30 AM,Decisions,,,0,0,Y,,30000 33001 41000 41100 20101 30001,Y,,,,,,,,,,,,,,,
30005,INTERNAL INFORMATION FOR STRATEGIC DECISIONS,100,30005-02,Spring,2026,"Stewart, Christopher",M 1:30 PM-4:30 PM,Decisions,,,2083,2083,Y,,30000 33001 41000 41100 20101 30001,Y,,,,,,,,,,,,,,,
30005,INTERNAL INFORMATION FOR STRATEGIC DECISIONS,100,30005-03,Spring,2026,"Stewart, Christopher",M 5:00 PM-8:00 PM,Decisions,,,0,0,Y,,30000 33001 41000 41100 20101 30001,Y,,,,,,,,,,,,,,,
30116,ACCOUNTING AND FINANCIAL ANALYSIS,100,30116-01,Autumn,2025,"Christensen, Hans",T 8:30 AM-11:30 AM,Financial Accounting,,,508,0,Y,,30000 30116 20140,Y,,,,,,,,,,,,,,,
30116,ACCOUNTING AND FINANCIAL ANALYSIS,100,30116-02,Autumn,2025,"Christensen, Hans",T 1:30 PM-4:30 PM,Financial Accounting,,,0,0,Y,,30000 30116 20140,Y,,,,,,,,,,,,,,,
30116,ACCOUNTING AND FINANCIAL ANALYSIS,100,30116-03,Autumn,2025,"CHRISTENSEN, HANS",W 8:30 AM-11:30 AM,Financial Accounting,,,,,,,30000 30116 20140,Y,,,,,,,,,,,,,,,
30116,ACCOUNTING AND FINANCIAL ANALYSIS,100,30116-04,Autumn,2025,"CHRISTENSEN, HANS",W 1:30 PM-4:30 PM,Financial Accounting,,,,,,,30000 30116 20140,Y,,,,,,,,,,,,,,,
30118,TAXES AND BUSINESS STRATEGY,100,30118-81,Autumn,2025,"Erickson, Merle",M 6:00 PM-9:00 PM,,,,0,0,Y,,30000 35200 20170,Y,,,,,,,Y,,,,,,,,
30118,TAXES AND BUSINESS STRATEGY,100,30118-01,Winter,2026,"Weiss, Ira",TH 8:30 AM-11:30 AM,,,,0,0,Y,,30000 35200 20170,Y,,,,,,,Y,,,,,,,,
30118,TAXES AND BUSINESS STRATEGY,100,30118-02,Winter,2026,"Weiss, Ira",TH 1:30 PM-4:30 PM,,,,0,0,Y,,30000 35200 20170,Y,,,,,,,Y,,,,,,,,
30118,TAXES AND BUSINESS STRATEGY,100,30118-01,Spring,2026,"Welsch, Anthony",T 1:30 PM-4:30 PM,,,,0,0,Y,,30000 35200 20170,Y,,,,,,,Y,,,,,,,,
30121,ACCOUNTING FOR ENTREPRENEURSHIP: FROM START-UP THROUGH IPO,100,30121-01,Spring,2026,"Berger, Philip",W 1:30 PM-4:30 PM,,,,0,0,Y,,30000 20160 30835,Y,,,,,,,Y,,,,,,,,
30121,ACCOUNTING FOR ENTREPRENEURSHIP: FROM START-UP THROUGH IPO,100,30121-02,Spring,2026,"Berger, Philip",TH 8:30 AM-11:30 AM,,,,0,0,Y,,30000 20160 30835,Y,,,,,,,Y,,,,,,,,
30121,ACCOUNTING FOR ENTREPRENEURSHIP: FROM START-UP THROUGH IPO,100,30121-81,Spring,2026,"Berger, Philip",W 6:00 PM-9:00 PM,,,,0,0,Y,,30000 20160 30835,Y,,,,,,,Y,,,,,,,,
30121,ACCOUNTING FOR ENTREPRENEURSHIP: FROM START-UP THROUGH IPO,100,30121-01,Autumn,2025,"Weiss, Ira",T 8:30 AM-11:30 AM,,,,0,500,Y,,30000 20160 30835,Y,,,,,,,Y,,,,,,,,
30121,ACCOUNTING FOR ENTREPRENEURSHIP: FROM START-UP THROUGH IPO,100,30121-02,Autumn,2025,"Weiss, Ira",M 1:30 PM-4:30 PM,,,,0,0,Y,,30000 20160 30835,Y,,,,,,,Y,,,,,,,,
30121,ACCOUNTING FOR ENTREPRENEURSHIP: FROM START-UP THROUGH IPO,100,30121-81,Autumn,2025,"Weiss, Ira",M 6:00 PM-9:00 PM,,,,0,0,Y,,30000 20160 30835,Y,,,,,,,Y,,,,,,,,
30121,ACCOUNTING FOR ENTREPRENEURSHIP: FROM START-UP THROUGH IPO,100,30121-85,Autumn,2025,"Weiss, Ira",S 1:30 PM-4:30 PM,,,,0,0,Y,,30000 20160 30835,Y,,,,,,,Y,,,,,,,,
30122,DEAL STRUCTURING AND FINANCIAL REPORTING IMPLICATIONS,100,30122-01,Spring,2026,"Sapra, Haresh",W 8:30 AM-11:30 AM,Financial Accounting,,,0,0,Y,30000 30130 30116 30118 30131,,Y,,,,,,,,,,,,,,,
30130,FINANCIAL STATEMENT ANALYSIS,100,30130-01,Spring,2026,"Hand, John",F 8:30 AM-11:30 AM,Financial Accounting,,,0,0,Y,30130 30000 35200,35000 20150,Y,,,,,,,,Y,,,,,,,
30130,FINANCIAL STATEMENT ANALYSIS,100,30130-81,Spring,2026,"Hand, John",TH 6:00 PM-9:00 PM,Financial Accounting,,,0,0,Y,30130 30000 35200,35000 20150,Y,,,,,,,,Y,,,,,,,
30130,FINANCIAL STATEMENT ANALYSIS,100,30130-01,Autumn,2025,"Minnis, Michael",W 1:30 PM-4:30 PM,Financial Accounting,,,0,3238,Y,30130 30000 35200,35000 20150,Y,,,,,,,,Y,,,,,,,
30130,FINANCIAL STATEMENT ANALYSIS,100,30130-81,Autumn,2025,"Minnis, Michael",W 6:00 PM-9:00 PM,Financial Accounting,,,0,0,Y,30130 30000 35200,35000 20150,Y,,,,,,,,Y,,,,,,,
30130,FINANCIAL STATEMENT ANALYSIS,100,30130-01,Winter,2026,"Smith, Abbie",M 1:30 PM-4:30 PM,Financial Accounting,,,2601,2601,Y,30130 30000 35200,35000 20150,Y,,,,,,,,Y,,,,,,,
30130,FINANCIAL STATEMENT ANALYSIS,100,30130-81,Winter,2026,"Smith, Abbie",T 6:00 PM-9:00 PM,Financial Accounting,,,0,0,Y,30130 30000 35200,35000 20150,Y,,,,,,,,Y,,,,,,,
30130,FINANCIAL STATEMENT ANALYSIS,100,30130-85,Winter,2026,"Smith, Abbie",S 1:30 PM-4:30 PM,Financial Accounting,,,0,0,Y,30130 30000 35200,35000 20150,Y,,,,,,,,Y,,,,,,,
30130,FINANCIAL STATEMENT ANALYSIS,100,30130-02,Spring,2026,"Urcan, Oktay",W 8:30 AM-11:30 AM,Financial Accounting,,,0,0,Y,30130 30000 35200,35000 20150,Y,,,,,,,,Y,,,,,,,
30130,FINANCIAL STATEMENT ANALYSIS,100,30130-03,Spring,2026,"Urcan, Oktay",T 1:30 PM-4:30 PM,Financial Accounting,,,0,0,Y,30130 30000 35200,35000 20150,Y,,,,,,,,Y,,,,,,,
30131,ADVANCED FINANCIAL ANALYSIS AND VALUATION FOR GLOBAL FIRMS,100,30131-01,Spring,2026,"Leuz, Christian",T 1:30 PM-4:30 PM,Financial Accounting,,,2177,2177,Y,,,Y,,,,,,,,Y,,,,Y,,,
30131,ADVANCED FINANCIAL ANALYSIS AND VALUATION FOR GLOBAL FIRMS,100,30131-81,Spring,2026,"Leuz, Christian",T 6:00 PM-9:00 PM,Financial Accounting,,,0,0,Y,,,Y,,,,,,,,Y,,,,Y,,,
30131,ADVANCED FINANCIAL ANALYSIS AND VALUATION FOR GLOBAL FIRMS,100,30131-01,Autumn,2025,"McClure, Charles",M 1:30 PM-4:30 PM,Financial Accounting,,,0,0,Y,,,Y,,,,,,,,Y,,,,Y,,,
30131,ADVANCED FINANCIAL ANALYSIS AND VALUATION FOR GLOBAL FIRMS,100,30131-02,Autumn,2025,"McClure, Charles",M 5:00 PM-8:00 PM,Financial Accounting,,,0,0,Y,,,Y,,,,,,,,Y,,,,Y,,,
30131,ADVANCED FINANCIAL ANALYSIS AND VALUATION FOR GLOBAL FIRMS,100,30131-03,Autumn,2025,"McClure, Charles",M 8:30 AM-11:30 AM,Financial Accounting,,,0,0,Y,,,Y,,,,,,,,Y,,,,Y,,,
30135,AI AND FINANCIAL INFORMATION,100,30135-01,Winter,2026,"Levy, Bradford",TH 8:30 AM-11:30 AM,,,,100,100,Y,,,Y,Y,,,,,,,,,,,,,,
30135,AI AND FINANCIAL INFORMATION,100,30135-81,Winter,2026,"Levy, Bradford",W 6:00 PM-9:00 PM,,,,1,1,Y,,,Y,Y,,,,,,,,,,,,,,
30600,WORKSHOP IN ACCOUNTING RESEARCH,100,30600-60,Autumn,2025,"Stewart, Christopher; Tomy, Rimmy",TH 1:20 PM-2:50 PM,,,,0,0,Y,,,,,,,,,,,,,,,,,,
30600,WORKSHOP IN ACCOUNTING RESEARCH,100,30600-60,Winter,2026,"Stewart, Christopher; Tomy, Rimmy",TH 1:20 PM-2:50 PM,,,,0,0,Y,,,,,,,,,,,,,,,,,,
30600,WORKSHOP IN ACCOUNTING RESEARCH,100,30600-60,Spring,2026,"Stewart, Christopher; Tomy, Rimmy",TH 1:20 PM-2:50 PM,,,,0,0,Y,,,,,,,,,,,,,,,,,,
30831,FINANCIAL ANALYSIS AND VALUATION OF FIRMS IN GLOBAL MARKETS,50,30831-88,Summer,2026,"LEUZ, CHRISTIAN","08/10, 08/11, 08/12, 08/14,",,,Y,,,,,,Y,,,,,,,,,,,,,,,
30835,ACCOUNTING FOR ENTREPRENEURSHIP: FROM START-UP THROUGH IPO,50,30835-88,Summer,2026,"BERGER, PHILIP","08/10, 08/11, 08/13, 08/14,",,,,,,,,,Y,,,,,,,,,,,,,,,
30840,DEAL STRUCTURING,50,30840-88,Summer,2026,"SAPRA, HARESH","08/03, 08/04, 08/05, 08/07,",,,,,,,,30122,Y,,,,,,,,,,,,,,,
30900,FOUNDATIONS OF ACCOUNTING RESEARCH,100,30900-50,Autumn,2025,"Costello, Anna; Minnis, Michael; Skinner, Douglas",T 8:30 AM-11:30 AM,,,,0,0,Y,,,,,,,,,,,,,,,,,,
30906,CONTRACTING ON ACCOUNTING INFORMATION,100,30906-50,Winter,2026,"Nikolaev, Valeri",T 1:00 PM-4:00 PM,,,,0,0,Y,,,,,,,,,,,,,,,,,,
30907,"DISCLOSURE, REPORTING AND TRANSPARENCY: ANALYSIS OF MARKETS AND REGULATION",100,30907-50,Spring,2026,"Leuz, Christian",W 3:00 PM-6:30 PM,,,,0,0,Y,,,,,,,,,,,,,,,,,,
30908,ACCOUNTING FOR PRIVATE ENTITIES & NON-INVESTOR STAKEHOLDERS,100,30908-50,Spring,2026,"Costello, Anna; Minnis, Michael",TH 9:00 AM-12:00 PM,,,,0,0,Y,,,,,,,,,,,,,,,,,,
30930,RESEARCH SEMINAR IN ACCOUNTING,50,30930-50,Autumn,2025,"McClure, Charles; Stewart, Christopher",W 10:00 AM-11:30 AM,,,,0,0,Y,,,,,,,,,,,,,,,,,,
30931,RESEARCH SEMINAR IN ACCOUNTING,50,30931-50,Spring,2026,"McClure, Charles; Stewart, Christopher",W 10:00 AM-11:30 AM,,,,0,0,Y,30930,,,,,,,,,,,,,,,,,
31401,INTERPERSONAL DYNAMICS,100,31401-04,Autumn,2025,,W 8:30 AM-11:30 AM,,Y,Y,,,,,,,,,,,,,Y,,,,,,,,
31401,INTERPERSONAL DYNAMICS,100,31401-05,Autumn,2025,,W 1:30 PM-4:30 PM,,Y,Y,,,,,,,,,,,,,Y,,,,,,,,
31401,INTERPERSONAL DYNAMICS,100,31401-04,Winter,2026,,W 8:30 AM-11:30 AM,,Y,Y,,,,,,,,,,,,,Y,,,,,,,,
31401,INTERPERSONAL DYNAMICS,100,31401-05,Winter,2026,,W 1:30 PM-4:30 PM,,Y,Y,,,,,,,,,,,,,Y,,,,,,,,
31401,INTERPERSONAL DYNAMICS,100,31401-04,Spring,2026,,W 8:30 AM-11:30 AM,,Y,Y,,,,,,,,,,,,,Y,,,,,,,,
31401,INTERPERSONAL DYNAMICS,100,31401-05,Spring,2026,,W 1:30 PM-4:30 PM,,Y,Y,,,,,,,,,,,,,Y,,,,,,,,
31401,INTERPERSONAL DYNAMICS,100,31401-82,Autumn,2025,,,,Y,Y,,,,,,,,,,,,,Y,,,,,,,,
31401,INTERPERSONAL DYNAMICS,100,31401-82,Winter,2026,,T 6:00 PM-9:00 PM,,Y,Y,,,,,,,,,,,,,Y,,,,,,,,
31401,INTERPERSONAL DYNAMICS,100,31401-82,Spring,2026,,T 6:00 PM-9:00 PM,,Y,Y,,,,,,,,,,,,,Y,,,,,,,,
31401,INTERPERSONAL DYNAMICS,100,31401-01,Autumn,2025,,M 8:30 AM-11:30 AM,,Y,Y,,,,,,,,,,,,,Y,,,,,,,,
31401,INTERPERSONAL DYNAMICS,100,31401-02,Autumn,2025,,M 1:30 PM-4:30 PM,,Y,Y,,,,,,,,,,,,,Y,,,,,,,,
31401,INTERPERSONAL DYNAMICS,100,31401-01,Winter,2026,,T 8:30 AM-11:30 AM,,Y,Y,,,,,,,,,,,,,Y,,,,,,,,
31401,INTERPERSONAL DYNAMICS,100,31401-02,Winter,2026,,T 1:30 PM-4:30 PM,,Y,Y,,,,,,,,,,,,,Y,,,,,,,,
31401,INTERPERSONAL DYNAMICS,100,31401-01,Spring,2026,,T 8:30 AM-11:30 AM,,Y,Y,,,,,,,,,,,,,Y,,,,,,,,
31401,INTERPERSONAL DYNAMICS,100,31401-02,Spring,2026,,T 1:30 PM-4:30 PM,,Y,Y,,,,,,,,,,,,,Y,,,,,,,,
31401,INTERPERSONAL DYNAMICS,100,31401-03,Autumn,2025,,W 2:00 PM-5:00 PM,,Y,Y,,,,,,,,,,,,,Y,,,,,,,,
31401,INTERPERSONAL DYNAMICS,100,31401-81,Autumn,2025,,TH 6:00 PM-9:00 PM,,Y,Y,,,,,,,,,,,,,Y,,,,,,,,
31401,INTERPERSONAL DYNAMICS,100,31401-03,Winter,2026,,W 2:00 PM-5:00 PM,,Y,Y,,,,,,,,,,,,,Y,,,,,,,,
31401,INTERPERSONAL DYNAMICS,100,31401-81,Winter,2026,,TH 6:00 PM-9:00 PM,,Y,Y,,,,,,,,,,,,,Y,,,,,,,,
31401,INTERPERSONAL DYNAMICS,100,31401-03,Spring,2026,,W 2:00 PM-5:00 PM,,Y,Y,,,,,,,,,,,,,Y,,,,,,,,
31401,INTERPERSONAL DYNAMICS,100,31401-81,Spring,2026,,TH 6:00 PM-9:00 PM,,Y,Y,,,,,,,,,,,,,Y,,,,,,,,
31401,INTERPERSONAL DYNAMICS,100,31401-06,Autumn,2025,,M 1:30 PM-4:30 PM,,Y,Y,,,,,,,,,,,,,Y,,,,,,,,
31401,INTERPERSONAL DYNAMICS,100,31401-06,Winter,2026,,M 1:30 PM-4:30 PM,,Y,Y,,,,,,,,,,,,,Y,,,,,,,,
31401,INTERPERSONAL DYNAMICS,100,31401-83,Winter,2026,,M 6:00 PM-9:00 PM,,Y,Y,,,,,,,,,,,,,Y,,,,,,,,
31401,INTERPERSONAL DYNAMICS,100,31401-06,Spring,2026,,M 1:30 PM-4:30 PM,,Y,Y,,,,,,,,,,,,,Y,,,,,,,,
31401,INTERPERSONAL DYNAMICS,100,31401-83,Spring,2026,,M 6:00 PM-9:00 PM,,Y,Y,,,,,,,,,,,,,Y,,,,,,,,
31403,LEADERSHIP STUDIO,100,31403-01,Autumn,2025,"Davis, Harry; Tennant, Nancy",TH 1:30 PM-4:30 PM,People,,,10,0,Y,,31001 31403 31404,,,Y,,,,,Y,,,,,,,,
31403,LEADERSHIP STUDIO,100,31403-85,Autumn,2025,"Davis, Harry; Tennant, Nancy",S 9:00 AM-12:00 PM,People,,,0,0,Y,,31001 31403 31404,,,Y,,,,,Y,,,,,,,,
31403,LEADERSHIP STUDIO,100,31403-01,Spring,2026,"Davis, Harry; Tennant, Nancy",W 1:30 PM-4:30 PM,People,,,0,0,Y,,31001 31403 31404,,,Y,,,,,Y,,,,,,,,
31403,LEADERSHIP STUDIO,100,31403-81,Spring,2026,"Davis, Harry; Tennant, Nancy",T 6:00 PM-9:00 PM,People,,,0,0,Y,,31001 31403 31404,,,Y,,,,,Y,,,,,,,,
31404,LEADERSHIP LAB,100,31404-01,Winter,2026,"COLLINS, CHRIS",W 8:30 AM-11:30 AM,,,,,,,,,,,,,,,,,,,,,,,,
31404,LEADERSHIP LAB,100,31404-01,Spring,2026,"COLLINS, CHRIS",W 8:30 AM-11:30 AM,,,,,,,,,,,,,,,,,,,,,,,,
31405,LEADING WITH AUTHENTICITY,100,31405-01,Spring,2026,"Coleman, Samantha",TH 8:30 AM-11:30 AM,,,,0,0,Y,,,,,,,,,,,,,,,,,,
31407,LEADERSHIP LAB: BUILDING YOUR INFLUENCE SKILLS,100,31407-81,Summer,2026,"COLLINS, CHRIS",M 6:00 PM-9:00 PM,,,,,,,31407 31404,,,,,,,,,,,,,,,,,
31425,REAL ESTATE AND EQUITY: LEVELING THE PLAYING FIELD,100,31425-81,Autumn,2025,"Valery, Ernst",W 6:00 PM-9:00 PM,,,,0,0,Y,,,,,,,Y,,,,,,,,,,,
32120,DATA ANALYSIS WITH PYTHON AND SQL,100,32120-01,Autumn,2025,"Kattan, Lara",M 8:30 AM-11:30 AM,,,,0,0,Y,,,,,,Y,,,,,,,,,,,,
32120,DATA ANALYSIS WITH PYTHON AND SQL,100,32120-01,Winter,2026,"Kattan, Lara",M 8:30 AM-11:30 AM,,,,0,0,Y,,,,,,Y,,,,,,,,,,,,
32120,DATA ANALYSIS WITH PYTHON AND SQL,100,32120-02,Winter,2026,"Kattan, Lara",M 1:30 PM-4:30 PM,,,,0,0,Y,,,,,,Y,,,,,,,,,,,,
32120,DATA ANALYSIS WITH PYTHON AND SQL,100,32120-81,Winter,2026,"Kattan, Lara",W 6:00 PM-9:00 PM,,,,0,0,Y,,,,,,Y,,,,,,,,,,,,
32120,DATA ANALYSIS WITH PYTHON AND SQL,100,32120-01,Spring,2026,"Kattan, Lara",T 8:30 AM-11:30 AM,,,,0,0,Y,,,,,,Y,,,,,,,,,,,,
32120,DATA ANALYSIS WITH PYTHON AND SQL,100,32120-85,Spring,2026,"Kattan, Lara",S 1:30 PM-4:30 PM,,,,0,0,Y,,,,,,Y,,,,,,,,,,,,
32130,DATA VISUALIZATION FOR DECISION-MAKING,100,32130-81,Spring,2026,"Kattan, Lara",W 6:00 PM-9:00 PM,,,,0,0,Y,,32120,,,,Y,,,,,,,,,,,,
32210,GENERATIVE THINKING,100,32210-01,Winter,2026,"Misra, Sanjog",,,,,5389,5389,Y,43100 43800,,,Y,,,,,,,,,,,,,,
33001,MICROECONOMICS,100,33001-01,Winter,2026,"Campos, Christopher",,Microeconomics,,,0,0,Y,,,,,,,,,Y,,,,,,,,,
33001,MICROECONOMICS,100,33001-02,Winter,2026,"Campos, Christopher",M 1:30 PM-4:30 PM,Microeconomics,,,0,0,Y,,,,,,,,,Y,,,,,,,,,
33001,MICROECONOMICS,100,33001-81,Winter,2026,"Campos, Christopher",M 6:00 PM-9:00 PM,Microeconomics,,,0,0,Y,,,,,,,,,Y,,,,,,,,,
33001,MICROECONOMICS,100,33001-03,Autumn,2025,"Dizon-Ross, Rebecca",TH 8:30 AM-11:30 AM,Microeconomics,,,1024,0,Y,,,,,,,,,Y,,,,,,,,,
33001,MICROECONOMICS,100,33001-04,Autumn,2025,"Dizon-Ross, Rebecca",TH 1:30 PM-4:30 PM,Microeconomics,,,1117,0,Y,,,,,,,,,Y,,,,,,,,,
33001,MICROECONOMICS,100,33001-05,Autumn,2025,"Dizon-Ross, Rebecca",F 8:30 AM-11:30 AM,Microeconomics,,,0,0,Y,,,,,,,,,Y,,,,,,,,,
33001,MICROECONOMICS,100,33001-81,Summer,2026,,TH 6:00 PM-9:00 PM,Microeconomics,,,,,,,,,,,,,,Y,,,,,,,,,
33001,MICROECONOMICS,100,33001-85,Summer,2026,,S 1:30 PM-4:30 PM,Microeconomics,,,,,,,,,,,,,,Y,,,,,,,,,
33001,MICROECONOMICS,100,33001-06,Autumn,2025,"Gibbs, Michael",T 1:30 PM-4:30 PM,Microeconomics,,,2401,0,Y,,,,,,,,,Y,,,,,,,,,
33001,MICROECONOMICS,100,33001-85,Autumn,2025,"Gibbs, Michael",S 9:00 AM-12:00 PM,Microeconomics,,,0,0,Y,,,,,,,,,Y,,,,,,,,,
33001,MICROECONOMICS,100,33001-01,Autumn,2025,"Hornbeck, Richard",M 8:30 AM-11:30 AM,Microeconomics,,,0,0,Y,,,,,,,,,Y,,,,,,,,,
33001,MICROECONOMICS,100,33001-02,Autumn,2025,"Hornbeck, Richard",M 1:30 PM-4:30 PM,Microeconomics,,,0,0,Y,,,,,,,,,Y,,,,,,,,,
33001,MICROECONOMICS,100,33001-81,Autumn,2025,"Hornbeck, Richard",M 6:00 PM-9:00 PM,Microeconomics,,,0,0,Y,,,,,,,,,Y,,,,,,,,,
33001,MICROECONOMICS,100,33001-07,Autumn,2025,"McClellan, Andrew",T 8:30 AM-11:30 AM,Microeconomics,,,0,0,Y,,,,,,,,,Y,,,,,,,,,
33001,MICROECONOMICS,100,33001-08,Autumn,2025,,TH 8:30 AM-11:30 AM,Microeconomics,,,,,,,,,,,,,,Y,,,,,,,,,
33001,MICROECONOMICS,100,33001-09,Autumn,2025,,TH 1:30 PM-4:30 PM,Microeconomics,,,,,,,,,,,,,,Y,,,,,,,,,
33002,ACCELERATED MICROECONOMICS,100,33002-01,Autumn,2025,"Mountjoy, Jack",T 1:30 PM-4:30 PM,Microeconomics,,,1000,0,Y,,,,,,,,,Y,,,,,,,,,
33002,ACCELERATED MICROECONOMICS,100,33002-81,Autumn,2025,"Mountjoy, Jack",T 6:00 PM-9:00 PM,Microeconomics,,,0,0,Y,,,,,,,,,Y,,,,,,,,,
33032,MANAGING THE WORKPLACE,100,33032-81,Autumn,2025,"Kole, Stacey",T 6:00 PM-9:00 PM,People,,,0,0,Y,33001,,,,,,,,Y,,,,,,,,,
33032,MANAGING THE WORKPLACE,100,33032-81,Summer,2026,,W 6:00 PM-9:00 PM,People,,,,,,33001,,,,,,,,Y,,,,,,,,,
33032,MANAGING THE WORKPLACE,100,33032-01,Spring,2026,"Prendergast, Canice",T 8:30 AM-11:30 AM,People,,,3999,3999,Y,33001,,,,,,,,Y,,,,,,,,,
33032,MANAGING THE WORKPLACE,100,33032-02,Spring,2026,"Prendergast, Canice",TH 8:30 AM-11:30 AM,People,,,2200,2200,Y,33001,,,,,,,,Y,,,,,,,,,
33032,MANAGING THE WORKPLACE,100,33032-81,Spring,2026,"Prendergast, Canice",T 6:00 PM-9:00 PM,People,,,0,0,Y,33001,,,,,,,,Y,,,,,,,,,
33050,MACROECONOMICS AND THE BUSINESS ENVIRONMENT,100,33050-01,Winter,2026,"Faberman, Jason",M 5:00 PM-8:00 PM,Economy,,,0,0,Y,33001 33050 33040 20200,,,,,,,,Y,,,,,,,,,
33050,MACROECONOMICS AND THE BUSINESS ENVIRONMENT,100,33050-85,Winter,2026,"Faberman, Jason",S 1:30 PM-4:30 PM,Economy,,,0,0,Y,33001 33050 33040 20200,,,,,,,,Y,,,,,,,,,
33050,MACROECONOMICS AND THE BUSINESS ENVIRONMENT,100,33050-01,Spring,2026,"Hurst, Erik",T 8:30 AM-11:30 AM,Economy,,,0,0,Y,33001 33050 33040 20200,,,,,,,,Y,,,,,,,,,
33050,MACROECONOMICS AND THE BUSINESS ENVIRONMENT,100,33050-02,Spring,2026,"Hurst, Erik",T 1:30 PM-4:30 PM,Economy,,,499,499,Y,33001 33050 33040 20200,,,,,,,,Y,,,,,,,,,
33050,MACROECONOMICS AND THE BUSINESS ENVIRONMENT,100,33050-01,Autumn,2025,"Vavra, Joseph",T 8:30 AM-11:30 AM,Economy,,,0,0,Y,33001 33050 33040 20200,,,,,,,,Y,,,,,,,,,
33050,MACROECONOMICS AND THE BUSINESS ENVIRONMENT,100,33050-02,Autumn,2025,"Vavra, Joseph",W 8:30 AM-11:30 AM,Economy,,,0,0,Y,33001 33050 33040 20200,,,,,,,,Y,,,,,,,,,
33050,MACROECONOMICS AND THE BUSINESS ENVIRONMENT,100,33050-81,Autumn,2025,"Vavra, Joseph",T 6:00 PM-9:00 PM,Economy,,,0,0,Y,33001 33050 33040 20200,,,,,,,,Y,,,,,,,,,
33112,BUSINESS IN HISTORICAL PERSPECTIVE,100,33112-01,Winter,2026,"Hornbeck, Richard",M 8:30 AM-11:30 AM,Economy,,,0,0,Y,,,,,,,,,Y,,,,,,,,,
33112,BUSINESS IN HISTORICAL PERSPECTIVE,100,33112-02,Winter,2026,"Hornbeck, Richard",M 1:30 PM-4:30 PM,Economy,,,501,501,Y,,,,,,,,,Y,,,,,,,,,
33112,BUSINESS IN HISTORICAL PERSPECTIVE,100,33112-81,Winter,2026,"Hornbeck, Richard",M 6:00 PM-9:00 PM,Economy,,,0,0,Y,,,,,,,,,Y,,,,,,,,,
33230,THE ECONOMICS OF COMPANIES,100,33230-01,Autumn,2025,"Syverson, Chad",T 8:30 AM-11:30 AM,Microeconomics,,,1097,0,Y,,33001,,,,,,,Y,,,,,,,,,Y
33230,THE ECONOMICS OF COMPANIES,100,33230-81,Autumn,2025,"Syverson, Chad",T 6:00 PM-9:00 PM,Microeconomics,,,0,0,Y,,33001,,,,,,,Y,,,,,,,,,Y
33250,PERSPECTIVES ON CAPITALISM,100,33250-01,Spring,2026,"GERTNER, ROBERT",W 5:00 PM-6:30 PM,,,,,,,,,,,,,Y,,Y,,,,,,,,,
33250,PERSPECTIVES ON CAPITALISM,100,33250-81,Spring,2026,"GERTNER, ROBERT",W 5:00 PM-6:30 PM,,,,,,,,,,,,,Y,,Y,,,,,,,,,
33251,PERSPECTIVES ON CAPITALISM SEMINAR,100,33251-03,Spring,2026,"Barry, Brian",W 10:00 AM-11:30 AM,Society,,,7000,7000,Y,,,,,,,Y,,Y,,,,,,,,,
33251,PERSPECTIVES ON CAPITALISM SEMINAR,100,33251-04,Spring,2026,"Barry, Brian",TH 10:00 AM-11:30 AM,Society,,,4843,4843,Y,,,,,,,Y,,Y,,,,,,,,,
33251,PERSPECTIVES ON CAPITALISM SEMINAR,100,33251-05,Spring,2026,"Barry, Brian",TH 1:30 PM-3:00 PM,Society,,,2238,2238,Y,,,,,,,Y,,Y,,,,,,,,,
33251,PERSPECTIVES ON CAPITALISM SEMINAR,100,33251-82,Spring,2026,"Carmichael, James",W 7:00 PM-8:30 PM,Society,,,3057,3057,Y,,,,,,,Y,,Y,,,,,,,,,
33251,PERSPECTIVES ON CAPITALISM SEMINAR,100,33251-83,Spring,2026,"Carmichael, James",F 6:00 PM-7:30 PM,Society,,,0,0,Y,,,,,,,Y,,Y,,,,,,,,,
33251,PERSPECTIVES ON CAPITALISM SEMINAR,100,33251-85,Spring,2026,"Carmichael, James",S 1:30 PM-3:00 PM,Society,,,0,0,Y,,,,,,,Y,,Y,,,,,,,,,
33251,PERSPECTIVES ON CAPITALISM SEMINAR,100,33251-01,Spring,2026,"Gertner, Robert",TH 10:00 AM-11:30 AM,Society,,,1888,1888,Y,,,,,,,Y,,Y,,,,,,,,,
33251,PERSPECTIVES ON CAPITALISM SEMINAR,100,33251-02,Spring,2026,"Gertner, Robert",TH 1:30 PM-3:00 PM,Society,,,5,5,Y,,,,,,,Y,,Y,,,,,,,,,
33251,PERSPECTIVES ON CAPITALISM SEMINAR,100,33251-06,Spring,2026,"Grossman, Caroline",W 3:00 PM-4:30 PM,Society,,,3700,3700,Y,,,,,,,Y,,Y,,,,,,,,,
33251,PERSPECTIVES ON CAPITALISM SEMINAR,100,33251-81,Spring,2026,"Grossman, Caroline",W 6:45 PM-8:15 PM,Society,,,0,0,Y,,,,,,,Y,,Y,,,,,,,,,
33251,PERSPECTIVES ON CAPITALISM SEMINAR,100,33251-07,Spring,2026,"Vasquez, Susana",T 1:30 PM-3:00 PM,Society,,,813,813,Y,,,,,,,Y,,Y,,,,,,,,,
33251,PERSPECTIVES ON CAPITALISM SEMINAR,100,33251-08,Spring,2026,"Vasquez, Susana",T 3:30 PM-5:00 PM,Society,,,0,0,Y,,,,,,,Y,,Y,,,,,,,,,
33251,PERSPECTIVES ON CAPITALISM SEMINAR,100,33251-09,Spring,2026,"Vasquez, Susana",W 3:00 PM-4:30 PM,Society,,,2021,2021,Y,,,,,,,Y,,Y,,,,,,,,,
33305,THE FIRM AND THE NON-MARKET ENVIRONMENT,100,33305-01,Spring,2026,"Bertrand, Marianne",TH 8:30 AM-11:30 AM,Society,,Y,5437,5437,Y,,,,,,,Y,,Y,,,,,,,,,
33305,THE FIRM AND THE NON-MARKET ENVIRONMENT,100,33305-02,Spring,2026,"Bertrand, Marianne",TH 1:30 PM-4:30 PM,Society,,Y,3000,3000,Y,,,,,,,Y,,Y,,,,,,,,,
33305,THE FIRM AND THE NON-MARKET ENVIRONMENT,100,33305-81,Spring,2026,"Bertrand, Marianne",TH 6:00 PM-9:00 PM,Society,,Y,0,0,Y,,,,,,,Y,,Y,,,,,,,,,
33320,FINANCING THE GRID: VALUING TRANSMISSION & STORAGE CAPACITY,100,33320-81,Spring,2026,"Birge, John; Mordecai, David K.A.",T 6:00 PM-9:00 PM,,,,0,0,Y,,,,,,,,,Y,,,,,,,,,
33350,HEALTH ECONOMICS,100,33350-01,Spring,2026,"Notowidigdo, Matthew",M 1:30 PM-4:30 PM,,,,0,0,Y,,33001 41000,,,,,,,Y,,,,,Y,,,,
33350,HEALTH ECONOMICS,100,33350-81,Spring,2026,"Notowidigdo, Matthew",M 6:00 PM-9:00 PM,,,,0,0,Y,,33001 41000,,,,,,,Y,,,,,Y,,,,
33351,THE BUSINESS OF PHARMACEUTICALS,100,33351-85,Autumn,2025,"Qato, Ream",S 1:30 PM-4:30 PM,,,,0,0,Y,,,,,,,,,,,,,,Y,,,,
33353,PHARMACEUTICAL LAUNCH & LIFECYCLE STRATEGY,100,33353-81,Spring,2026,"Prasad, Sangeeta",W 6:00 PM-9:00 PM,,,,0,0,Y,37000,42001,,,,,,,,,,,,Y,,,,
33401,MONEY AND BANKING,100,33401-01,Autumn,2025,"Huber, Kilian",M 8:30 AM-11:30 AM,Economy,,,0,0,Y,33401 20232,,,,,,,,Y,,,,,,,,,
33401,MONEY AND BANKING,100,33401-02,Autumn,2025,"Huber, Kilian",M 1:30 PM-4:30 PM,Economy,,,0,0,Y,33401 20232,,,,,,,,Y,,,,,,,,,
33401,MONEY AND BANKING,100,33401-03,Autumn,2025,"Huber, Kilian",T 1:30 PM-4:30 PM,Economy,,,0,0,Y,33401 20232,,,,,,,,Y,,,,,,,,,
33401,MONEY AND BANKING,100,33401-81,Autumn,2025,"Huber, Kilian",T 6:00 PM-9:00 PM,Economy,,,0,203,Y,33401 20232,,,,,,,,Y,,,,,,,,,
33401,MONEY AND BANKING,100,33401-01,Spring,2026,"Kroszner, Randall",T 1:30 PM-4:30 PM,Economy,,Y,6555,6555,Y,33401 20232,,,,,,,,Y,,,,,,,,,
33401,MONEY AND BANKING,100,33401-02,Spring,2026,"Kroszner, Randall",W 1:30 PM-4:30 PM,Economy,,Y,7492,7492,Y,33401 20232,,,,,,,,Y,,,,,,,,,
33401,MONEY AND BANKING,100,33401-81,Spring,2026,"Kroszner, Randall",T 6:00 PM-9:00 PM,Economy,,Y,321,321,Y,33401 20232,,,,,,,,Y,,,,,,,,,
33450,REAL ESTATE INVESTMENTS I,100,33450-01,Winter,2026,"Pagliari, Joseph",TH 1:30 PM-4:30 PM,,,,0,0,Y,,33001 35000,,,,,,,,,Y,,,,,,,
33450,REAL ESTATE INVESTMENTS I,100,33450-02,Winter,2026,"Pagliari, Joseph",TH 8:30 AM-11:30 AM,,,,0,0,Y,,33001 35000,,,,,,,,,Y,,,,,,,
33450,REAL ESTATE INVESTMENTS I,100,33450-85,Winter,2026,"Pagliari, Joseph",S 9:00 AM-12:00 PM,,,,0,0,Y,,33001 35000,,,,,,,,,Y,,,,,,,
33451,REAL ESTATE INVESTMENTS II,100,33451-81,Spring,2026,"Pagliari, Joseph",TH 6:00 PM-9:00 PM,,,,0,0,Y,33450,,,,,,,,,,Y,,,,,,,
33471,"BUSINESS, POLITICS, AND ETHICS",100,33471-01,Winter,2026,"Barry, Brian",T 8:30 AM-11:30 AM,Society,,,3500,3500,Y,20940 33471,,,,,,Y,,,,,,,,,,,
33471,"BUSINESS, POLITICS, AND ETHICS",100,33471-02,Winter,2026,"Barry, Brian",T 1:30 PM-4:30 PM,Society,,,4507,4507,Y,20940 33471,,,,,,Y,,,,,,,,,,,
33471,"BUSINESS, POLITICS, AND ETHICS",100,33471-03,Winter,2026,"Barry, Brian",W 8:30 AM-11:30 AM,Society,,,2401,2401,Y,20940 33471,,,,,,Y,,,,,,,,,,,
33471,"BUSINESS, POLITICS, AND ETHICS",100,33471-81,Winter,2026,"Barry, Brian",T 6:00 PM-9:00 PM,Society,,,0,0,Y,20940 33471,,,,,,Y,,,,,,,,,,,
33501,INTERNATIONAL COMMERCIAL POLICY,100,33501-81,Winter,2026,"Adao, Rodrigo",TH 6:00 PM-9:00 PM,Economy,,,0,0,Y,33001,,,,,,,,Y,,,,,,Y,,,
33502,INTERNATIONAL FINANCIAL POLICY,100,33502-01,Spring,2026,"Neiman, Brent",TH 8:30 AM-11:30 AM,Economy,,,0,0,Y,,33050 33502 20230,,,,,,,Y,,,,,,Y,,,
33502,INTERNATIONAL FINANCIAL POLICY,100,33502-02,Spring,2026,"Neiman, Brent",TH 1:30 PM-4:30 PM,Economy,,,0,0,Y,,33050 33502 20230,,,,,,,Y,,,,,,Y,,,
33502,INTERNATIONAL FINANCIAL POLICY,100,33502-81,Spring,2026,"Neiman, Brent",TH 6:00 PM-9:00 PM,Economy,,,0,0,Y,,33050 33502 20230,,,,,,,Y,,,,,,Y,,,
33520,THE WEALTH OF NATIONS,100,33520-01,Winter,2026,"HSIEH, CHANG-TAI",,Economy,,,,,,,33001,,,,,,,Y,,,,,,Y,,,
33520,THE WEALTH OF NATIONS,100,33520-01,Spring,2026,"Hsieh, Chang-Tai",T 1:30 PM-4:30 PM,Economy,,,1000,1000,Y,,33001,,,,,,,Y,,,,,,Y,,,
33520,THE WEALTH OF NATIONS,100,33520-85,Spring,2026,"Hsieh, Chang-Tai",,Economy,,,0,0,Y,,33001,,,,,,,Y,,,,,,Y,,,
33610,APPLIED ECONOMICS WORKSHOP,100,33610-60,Winter,2026,"Bertrand, Marianne; Kamenica, Emir",W 1:20 PM-2:50 PM,,,,0,0,Y,,33610 54300,,,,,,,,,,,,,,,,
33610,APPLIED ECONOMICS WORKSHOP,100,33610-60,Spring,2026,"Conway, Jacob; Kamenica, Emir",,,,,0,0,Y,,33610 54300,,,,,,,,,,,,,,,,
33610,APPLIED ECONOMICS WORKSHOP,100,33610-60,Autumn,2025,"Minni, Virginia; Zwick, Eric",W 1:20 PM-2:50 PM,,,,0,0,Y,,33610 54300,,,,,,,,,,,,,,,,
33630,WORKSHOP: MONEY AND BANKING,100,33630-60,Spring,2026,"Hansen, Lars; Rossi-Hansberg, Esteban; Staff, Staff",W 3:00 PM-5:30 PM,,,,0,0,Y,,33630 53000,,,,,,,,,,,,,,,,
33630,WORKSHOP: MONEY AND BANKING,100,33630-60,Autumn,2025,"Patterson, Christina",W 3:00 PM-5:30 PM,,,,0,0,Y,,33630 53000,,,,,,,,,,,,,,,,
33630,WORKSHOP: MONEY AND BANKING,100,33630-60,Winter,2026,"Staff, Staff",W 3:00 PM-5:30 PM,,,,0,0,Y,,33630 53000,,,,,,,,,,,,,,,,
33650,WORKSHOP IN MACRO AND INTERNATIONAL ECONOMICS,100,33650-60,Autumn,2025,"Adao, Rodrigo",M 12:00 PM-1:15 PM,,,,0,0,Y,,33650 57000,,,,,,,,,,,,,,,,
33650,WORKSHOP IN MACRO AND INTERNATIONAL ECONOMICS,100,33650-60,Winter,2026,"Lorenzoni, Guido; Vavra, Joseph",M 12:00 PM-1:15 PM,,,,0,0,Y,,33650 57000,,,,,,,,,,,,,,,,
33650,WORKSHOP IN MACRO AND INTERNATIONAL ECONOMICS,100,33650-60,Spring,2026,"Staff, Staff",M 12:00 PM-1:15 PM,,,,0,0,Y,,33650 57000,,,,,,,,,,,,,,,,
33903,WORKSHOP IN MACRO AND INTERNATIONAL ECONOMICS (33650) - STAFF MICROECONOMICS READING AND RESEARCH SEMINAR,50,33903-50,Autumn,2025,"Budish, Eric; Notowidigdo, Matthew",M 4:30 PM-6:00 PM,,,,0,0,Y,,,,,,,,,,,,,,,,,,
33904,MICROECONOMICS READING AND RESEARCH SEMINAR,50,33904-50,Winter,2026,"Budish, Eric; Notowidigdo, Matthew",W 4:00 PM-5:30 PM,,,,0,0,Y,,,,,,,,,,,,,,,,,,
33905,MICROECONOMICS READING AND RESEARCH SEMINAR,50,33905-50,Spring,2026,"Budish, Eric; Notowidigdo, Matthew",M 4:30 PM-6:00 PM,,,,0,0,Y,,,,,,,,,,,,,,,,,,
33914,TOPICS IN INFORMATION ECONOMICS,100,33914-50,Autumn,2025,"Kamenica, Emir",T 8:30 AM-11:30 AM,,,,0,0,Y,33914 30680,,,,,,,,,,,,,,,,,
33918,TOPICS IN LABOR ECONOMICS,100,33918-50,Spring,2026,"Humlum, Anders; Minni, Virginia; Notowidigdo, Matthew",W 9:00 AM-12:00 PM,,,,0,0,Y,,,,,,,,,,,,,,,,,,
33920,HEALTH ECONOMICS LITERATURE SEMINAR,50,33920-50,Autumn,2025,"Shapiro, Bradley",TH 1:30 PM-3:00 PM,,,,0,0,Y,33001 33101 33002 30000 30100 30200,,,,,,,,,,,,,,,,,
33920,HEALTH ECONOMICS LITERATURE SEMINAR,50,33920-50,Winter,2026,"Shapiro, Bradley",M 1:30 PM-3:00 PM,,,,0,0,Y,33001 33101 33002 30000 30100 30200,,,,,,,,,,,,,,,,,
33921,ADVANCED INDUSTRIAL ORGANIZATION I,100,33921-50,Autumn,2025,"Syverson, Chad",TH 8:30 AM-11:30 AM,,,,0,0,Y,,33001 33002 33101 30000 30100 30200 33921 40101,,,,,,,,,,,,,,,,
33922,Advanced Industrial Organization II,100,33922-50,Winter,2026,"Hortacsu, Ali",TTH 2:00 PM-3:20 PM,,,,0,0,Y,,33921 33922 40201,,,,,,,,,,,,,,,,
33923,"ADVANCED INDUSTRIAL ORGANIZATION II (33922) - HORTACSU, ALI ADVANCED INDUSTRIAL ORGANIZATION III",100,33923-50,Spring,2026,"Richert, Eric",,,,,0,0,Y,,33921 33922 33923 40301,,,,,,,,,,,,,,,,
33930,ECONOMICS OF EDUCATION,100,33930-50,Spring,2026,"Campos, Christopher; Mountjoy, Jack",M 8:30 AM-11:30 AM,,,,0,0,Y,,,,,,,,,,,,,,,,,,
33931,THE ECONOMICS OF CONTRACTS,100,33931-50,Winter,2026,"Frankel, Alexander",TTH 3:30 PM-4:50 PM,,,,0,0,Y,,33931 30540 30100 30200 30300,,,,,,,,,,,,,,,,
33935,READINGS IN APPLIED THEORY AND MARKET DESIGN,50,33935-50,Spring,2026,"Budish, Eric",F 1:00 PM-2:30 PM,,,,0,0,Y,,,,,,,,,,,,,,,,,,
33942,APPLIED MACROECONOMICS: MICRO DATA FOR MACRO MODELS,100,33942-50,Spring,2026,"Hsieh, Chang-Tai; Hurst, Erik",M 1:30 PM-4:30 PM,,,,0,0,Y,,33942 38001,,,,,,,,,,,,,,,,
33946,INTERNATIONAL MACROECONOMICS AND TRADE,100,33946-50,Autumn,2025,"Adao, Rodrigo",M 8:30 AM-11:30 AM,,,,0,0,Y,,33946 35101,,,,,,,,,,,,,,,,
34101,ENTREPRENEURIAL FINANCE AND PRIVATE EQUITY,100,34101-01,Spring,2026,"Berlin, Larry",M 8:30 AM-11:30 AM,Finance,,,0,0,Y,35200 35201 35902 34106 30130,,,,,,,,,Y,Y,Y,,,,,,
34101,ENTREPRENEURIAL FINANCE AND PRIVATE EQUITY,100,34101-02,Spring,2026,"Fasano, Jim",W 1:30 PM-4:30 PM,Finance,,,0,0,Y,35200 35201 35902 34106 30130,,,,,,,,,Y,Y,Y,,,,,,
34101,ENTREPRENEURIAL FINANCE AND PRIVATE EQUITY,100,34101-81,Spring,2026,"Fasano, Jim",T 6:00 PM-9:00 PM,Finance,,,0,0,Y,35200 35201 35902 34106 30130,,,,,,,,,Y,Y,Y,,,,,,
34101,ENTREPRENEURIAL FINANCE AND PRIVATE EQUITY,100,34101-01,Autumn,2025,"Kaplan, Steven",MW 10:10 AM-11:30 AM,Finance,,Y,0,0,Y,35200 35201 35902 34106 30130,,,,,,,,,Y,Y,Y,,,,,,
34101,ENTREPRENEURIAL FINANCE AND PRIVATE EQUITY,100,34101-02,Autumn,2025,"Kaplan, Steven",MW 1:30 PM-2:50 PM,Finance,,Y,0,2757,Y,35200 35201 35902 34106 30130,,,,,,,,,Y,Y,Y,,,,,,
34101,ENTREPRENEURIAL FINANCE AND PRIVATE EQUITY,100,34101-01,Winter,2026,"Meadow, Scott",F 8:30 AM-11:30 AM,Finance,,,7946,7946,Y,35200 35201 35902 34106 30130,,,,,,,,,Y,Y,Y,,,,,,
34101,ENTREPRENEURIAL FINANCE AND PRIVATE EQUITY,100,34101-85,Winter,2026,"Meadow, Scott",S 9:00 AM-12:00 PM,Finance,,,0,0,Y,35200 35201 35902 34106 30130,,,,,,,,,Y,Y,Y,,,,,,
34101,ENTREPRENEURIAL FINANCE AND PRIVATE EQUITY,100,34101-81,Summer,2026,,W 6:00 PM-9:00 PM,Finance,,,,,,35200 35201 35902 34106 30130,,,,,,,,,Y,Y,Y,,,,,,
34102,NEW VENTURE STRATEGY,100,34102-81,Autumn,2025,"Bacon, Jeremie",T 6:00 PM-9:00 PM,,,,0,0,Y,,,,,,,,,,Y,,,,,,,,Y
34102,NEW VENTURE STRATEGY,100,34102-01,Autumn,2025,"Bunch, Gregory",W 1:30 PM-4:30 PM,,,,0,0,Y,,,,,,,,,,Y,,,,,,,,Y
34102,NEW VENTURE STRATEGY,100,34102-01,Winter,2026,"Bunch, Gregory",T 1:30 PM-4:30 PM,,,,0,0,Y,,,,,,,,,,Y,,,,,,,,Y
34102,NEW VENTURE STRATEGY,100,34102-01,Spring,2026,"Bunch, Gregory",W 1:30 PM-4:30 PM,,,,0,0,Y,,,,,,,,,,Y,,,,,,,,Y
34102,NEW VENTURE STRATEGY,100,34102-81,Winter,2026,"Schrager, James",TH 6:00 PM-9:00 PM,,,,0,0,Y,,,,,,,,,,Y,,,,,,,,Y
34102,NEW VENTURE STRATEGY,100,34102-85,Winter,2026,"Schrager, James",S 1:30 PM-4:30 PM,,,,0,0,Y,,,,,,,,,,Y,,,,,,,,Y
34102,NEW VENTURE STRATEGY,100,34102-81,Summer,2026,,TH 6:00 PM-9:00 PM,,,,,,,,,,,,,,,,Y,,,,,,,,Y
34103,BUILDING THE NEW VENTURE,100,34103-01,Spring,2026,"Breuer, Ale",W 5:00 PM-8:00 PM,,,,0,0,Y,,34103 20330,,,,,,,,Y,,,,,,,,Y
34103,BUILDING THE NEW VENTURE,100,34103-81,Spring,2026,"Casey, Bob; Elnick, Thomas",W 6:00 PM-9:00 PM,,,,0,0,Y,,34103 20330,,,,,,,,Y,,,,,,,,Y
34103,BUILDING THE NEW VENTURE,100,34103-85,Winter,2026,"Elnick, Thomas; Mayekar, Samir",S 9:00 AM-12:00 PM,,,,0,0,Y,,34103 20330,,,,,,,,Y,,,,,,,,Y
34103,BUILDING THE NEW VENTURE,100,34103-01,Winter,2026,"Fried, Jennifer",W 8:30 AM-11:30 AM,,,,0,0,Y,,34103 20330,,,,,,,,Y,,,,,,,,Y
34103,BUILDING THE NEW VENTURE,100,34103-01,Autumn,2025,"Metcalf, Scott",W 8:30 AM-11:30 AM,,,,0,0,Y,,34103 20330,,,,,,,,Y,,,,,,,,Y
34104,SPECIAL TOPICS IN ENTREPRENEURSHIP: DEVELOPING A NEW VENTURE (NEW VENTURE CHALLENGE),100,34104-01,Spring,2026,,M 1:30 PM-4:30 PM,,Y,,,,,,,,,,,,,,Y,,,,Y,,,,
34104,SPECIAL TOPICS IN ENTREPRENEURSHIP: DEVELOPING A NEW VENTURE (NEW VENTURE CHALLENGE),100,34104-81,Spring,2026,,M 6:00 PM-9:00 PM,,Y,,,,,,,,,,,,,,Y,,,,Y,,,,
34106,COMMERCIALIZING INNOVATION: TOOLS TO RESEARCH AND ANALYZE PRIVATE ENTERPRISES,100,34106-01,Autumn,2025,"Meadow, Scott",TH 1:30 PM-4:30 PM,,,Y,0,9065,Y,,,,,,,,,,Y,,,,,,,,Y
34106,COMMERCIALIZING INNOVATION: TOOLS TO RESEARCH AND ANALYZE PRIVATE ENTERPRISES,100,34106-81,Autumn,2025,"Meadow, Scott",W 6:00 PM-9:00 PM,,,Y,0,0,Y,,,,,,,,,,Y,,,,,,,,Y
34106,COMMERCIALIZING INNOVATION: TOOLS TO RESEARCH AND ANALYZE PRIVATE ENTERPRISES,100,34106-01,Spring,2026,"Meadow, Scott",F 8:30 AM-11:30 AM,,,Y,5500,5500,Y,,,,,,,,,,Y,,,,,,,,Y
34106,COMMERCIALIZING INNOVATION: TOOLS TO RESEARCH AND ANALYZE PRIVATE ENTERPRISES,100,34106-85,Spring,2026,"Meadow, Scott",S 9:00 AM-12:00 PM,,,Y,0,0,Y,,,,,,,,,,Y,,,,,,,,Y
34108,INNOVATION LEADERSHIP,100,34108-01,Spring,2026,"Janega, James",M 1:30 PM-4:30 PM,,,,0,0,Y,,,,,,,,,,Y,,,,,,,,Y
34108,INNOVATION LEADERSHIP,100,34108-85,Spring,2026,"Janega, James",S 1:30 PM-4:30 PM,,,,0,0,Y,,,,,,,,,,Y,,,,,,,,Y
34111,ENTREPRENEURIAL SELLING,100,34111-01,Autumn,2025,"Alter, Michael",T 1:30 PM-4:30 PM,,,,0,202,Y,20355 34887,,,,,,,,,Y,,,,,,,,
34111,ENTREPRENEURIAL SELLING,100,34111-85,Autumn,2025,"Alter, Michael",S 9:00 AM-12:00 PM,,,,0,0,Y,20355 34887,,,,,,,,,Y,,,,,,,,
34111,ENTREPRENEURIAL SELLING,100,34111-01,Spring,2026,"Alter, Michael",T 1:30 PM-4:30 PM,,,,1007,1007,Y,20355 34887,,,,,,,,,Y,,,,,,,,
34111,ENTREPRENEURIAL SELLING,100,34111-02,Spring,2026,"Alter, Michael",T 8:30 AM-11:30 AM,,,,0,0,Y,20355 34887,,,,,,,,,Y,,,,,,,,
34111,ENTREPRENEURIAL SELLING,100,34111-81,Summer,2026,"ALTER, MICHAEL",T 6:00 PM-9:00 PM,,,,,,,20355 34887,,,,,,,,,Y,,,,,,,,
34113,IMPACT INVESTING,100,34113-01,Spring,2026,"Parrish, Priya",,Society,,,2,2,Y,,,,,,,Y,,,Y,,,,,,,,
34113,IMPACT INVESTING,100,34113-81,Spring,2026,"Parrish, Priya",TH 6:00 PM-9:00 PM,Society,,,0,0,Y,,,,,,,Y,,,Y,,,,,,,,
34115,NEW SOCIAL VENTURES,100,34115-01,Spring,2026,"GERTNER, ROBERT",T 2:00 PM-5:00 PM,,Y,,,,,,,,,,,Y,,,Y,,,,Y,,,,
34115,NEW SOCIAL VENTURES,100,34115-81,Spring,2026,"GERTNER, ROBERT",T 6:00 PM-9:00 PM,,Y,,,,,,,,,,,Y,,,Y,,,,Y,,,,
34117,SOCIAL ENTREPRENEURSHIP AND INNOVATION,100,34117-01,Autumn,2025,"CONNOR, TODD",T 1:30 PM-4:30 PM,Society,,,,,,,,,,,,Y,,,Y,,,,,,,,Y
34206,"WOMEN AS CEOS, ENTREPRENEURS, INVESTORS, EXECUTIVES & DIRECTORS",100,34206-01,Winter,2026,"Rapp, Alyssa",T 1:30 PM-4:30 PM,,,,25,25,Y,,,,,,,,,,Y,,,,,,,,
34208,OUTPERFORM & OUTLAST: OPERATING AND INVESTING IN CLOSELY HELD BUSINESSES,50,34208-01,Autumn,2025,"Shah, Jamie",MW 8:30 AM-9:50 AM,,,,0,0,Y,,,,,,,,,,Y,,,,,,,,
34210,ENTREPRENEURSHIP IN HEALTHCARE AND LIFE SCIENCES,100,34210-01,Autumn,2025,"Coe, Brian",M 5:00 PM-8:00 PM,,,,0,0,Y,34211,,,,,,,,,Y,,,,Y,,,,
34211,VALUE CREATION IN SMALL BUSINESSES,100,34211-81,Spring,2026,"Cremons, Dan; Hodgkin, Alex",TH 6:00 PM-9:00 PM,,,,8743,8743,Y,,,,,,,,,,Y,,,,,,,,
34214,USER EXPERIENCE DESIGN FOR INTELLIGENT PRODUCT-SERVICE SYSTEMS,50,34214-01,Winter,2026,"Susani, Marco",T 2:00 PM-3:30 PM,,,,0,0,Y,,,,,,,,,,Y,,,,,,,,
34215,STRUCTURING INVESTMENTS AND INVESTING IN STRUCTURE,50,34215-01,Winter,2026,"Sussman, Jason",W 1:30 PM-4:30 PM,,,,0,0,Y,,,,,,,,,,Y,,,,,,,,
34219,INSTITUTIONAL PRIVATE CAPITAL INVESTING,100,34219-01,Spring,2026,"Hepp, Stefan",W 1:30 PM-4:30 PM,,,,0,0,Y,34101 34219 34209,,,,,,,,,Y,,,,,,,,
34220,ADVANCED NEW VENTURE STRATEGY WORKSHOP,100,34220-85,Autumn,2025,"Schrager, James",S 1:30 PM-4:30 PM,,,,0,0,Y,,34102,,,,,,,,Y,,,,,,,,Y
34220,ADVANCED NEW VENTURE STRATEGY WORKSHOP,100,34220-81,Spring,2026,"Schrager, James",TH 6:00 PM-9:00 PM,,,,0,0,Y,,34102,,,,,,,,Y,,,,,,,,Y
34302,ENTREPRENEURSHIP THROUGH ACQUISITION,100,34302-01,Winter,2026,"Agnew, Mark; O'Connor, Brian",T 1:30 PM-4:30 PM,,,,6789,6789,Y,,,,,,,,,,Y,,,,,,,,
34302,ENTREPRENEURSHIP THROUGH ACQUISITION,100,34302-01,Spring,2026,"Burns, Keith; Curry, Michael",T 1:30 PM-4:30 PM,,,,5000,5000,Y,,,,,,,,,,Y,,,,,,,,
34302,ENTREPRENEURSHIP THROUGH ACQUISITION,100,34302-01,Autumn,2025,"Littell, Catherine; Walker, Anthony",F 1:30 PM-4:30 PM,,,,2500,0,Y,,,,,,,,,,Y,,,,,,,,
34302,ENTREPRENEURSHIP THROUGH ACQUISITION,100,34302-81,Autumn,2025,"Wolfe, Brian",W 6:00 PM-9:00 PM,,,,0,0,Y,,,,,,,,,,Y,,,,,,,,
34305,PRIVATE EQUITY TRANSACTIONS,50,34305-01,Autumn,2025,"Ritchie, Stephen",TH 3:00 PM-6:00 PM,,,,0,259,Y,,34101,,,,,,,,Y,,,,,,,,
34308,LEGAL FOUNDATIONS FOR ENTREPRENEURSHIP AND VC/PE INVESTMENTS,50,34308-81,Winter,2026,"Gray, Michael","01/07, 01/14, 01/21, 01/28,",,,,123,123,Y,,,,,,,,,,Y,,,,,,,,
34702,PRIVATE EQUITY/VENTURE CAPITAL LAB,100,34702-82,Winter,2026,,M 6:00 PM-9:00 PM,,Y,Y,,,,,35200 34106 34101,,,,,,,,Y,,,,Y,,,,
34702,PRIVATE EQUITY/VENTURE CAPITAL LAB,100,34702-82,Spring,2026,,M 6:00 PM-9:00 PM,,Y,Y,,,,,35200 34106 34101,,,,,,,,Y,,,,Y,,,,
34702,PRIVATE EQUITY/VENTURE CAPITAL LAB,100,34702-81,Winter,2026,,M 6:00 PM-9:00 PM,,Y,Y,,,,,35200 34106 34101,,,,,,,,Y,,,,Y,,,,
34702,PRIVATE EQUITY/VENTURE CAPITAL LAB,100,34702-81,Spring,2026,,M 6:00 PM-9:00 PM,,Y,Y,,,,,35200 34106 34101,,,,,,,,Y,,,,Y,,,,
34704,REAL ESTATE LAB: REAL ESTATE CHALLENGE,100,34704-81,Autumn,2025,"PAGLIARI, JOSEPH",T 6:00 PM-9:00 PM,,,,,,,33450 33451,,,,,,,,,Y,,,,,,,,
34705,ENTREPRENEURIAL DISCOVERY,100,34705-01,Autumn,2025,"Tebbe, Mark",M 1:30 PM-4:30 PM,,,,0,0,Y,,20350,,,,,,,,Y,,,,Y,,,,
34705,ENTREPRENEURIAL DISCOVERY,100,34705-02,Autumn,2025,"Tebbe, Mark",W 1:30 PM-4:30 PM,,,,186,0,Y,,20350,,,,,,,,Y,,,,Y,,,,
34709,LAB TO LAUNCH,100,34709-01,Winter,2026,"BLUMBERG, JASON",F 8:30 AM-11:30 AM,,,,,,,34709 34706,,,,,,,,,Y,,,,Y,,,,
34712,INNOVATION LAB,100,34712-01,Winter,2026,"STROMBERG, PER",,,,,,,,,,,,,,,,,,,,,,,,,
34715,HACKING FOR DEFENSE,100,34715-01,Winter,2026,"GOSSIN, WILL","Thursday, Oct 30th, 5:15 - 6:00pm, ZOOM",,Y,,,,,,34715 53455 33830 32002,,,,,,,,Y,,,,,,,,
34815,BUILDING THE NEW VENTURE,50,34815-88,Summer,2026,"MAYEKAR, SAMIR","08/10, 08/11, 08/12, 08/14,",,,,,,,,,,,,,,,,Y,,,,,,,,
34816,INNOVATION STRATEGY AND MANAGEMENT,50,34816-88,Summer,2026,"WOLCOTT, ROBERT","08/10, 08/11, 08/13, 08/14,",,,,,,,,,,,,,,,,Y,,,,,,,,Y
34901,ASSET PRICING I,100,34901-50,Autumn,2025,"Hansen, Lars; Nagel, Stefan",MW 8:30 AM-9:50 AM,Finance,,,0,0,Y,,,,,,,,,,,Y,Y,,,,,,
34902,ASSET PRICING II,100,34902-50,Winter,2026,"Nagel, Stefan; Xiu, Dacheng",T 8:30 AM-11:30 AM,Finance,,,0,0,Y,34901 35904 31000 31100 31200 33000 33100 33200 34902 35060,,,,,,,,,,Y,Y,,,,,,
34903,CORPORATE FINANCE I,100,34903-50,Autumn,2025,"Diamond, Douglas",M 3:00 PM-6:00 PM,Finance,,,0,0,Y,30100 30200 30300 34903 35070,,,,,,,,,,Y,Y,,,,,,
34904,CORPORATE FINANCE II,100,34904-50,Winter,2026,"Sufi, Amir",MW 10:10 AM-11:30 AM,Finance,,,0,0,Y,34903 35902 34904 35080,,,,,,,,,,Y,Y,,,,,,
34906,CORPORATE FINANCE III,100,34906-50,Spring,2026,"Colonnelli, Emanuele; Rajan, Raghuram",F 8:30 AM-11:30 AM,,,,0,0,Y,34903 34904 34906 35090,,,,,,,,,,Y,Y,,,,,,
35000,INVESTMENTS,100,35000-01,Spring,2026,"Bastianello, Francesca",M 8:30 AM-11:30 AM,Finance,,,0,0,Y,41000 41100 35000 20400,30000 33001,,,,,,,,,Y,,,,,,,
35000,INVESTMENTS,100,35000-02,Spring,2026,"Bastianello, Francesca",T 8:30 AM-11:30 AM,Finance,,,0,0,Y,41000 41100 35000 20400,30000 33001,,,,,,,,,Y,,,,,,,
35000,INVESTMENTS,100,35000-81,Spring,2026,"Bastianello, Francesca",T 6:00 PM-9:00 PM,Finance,,,0,0,Y,41000 41100 35000 20400,30000 33001,,,,,,,,,Y,,,,,,,
35000,INVESTMENTS,100,35000-03,Winter,2026,"Cassidy, William",M 8:30 AM-11:30 AM,Finance,,,0,0,Y,41000 41100 35000 20400,30000 33001,,,,,,,,,Y,,,,,,,
35000,INVESTMENTS,100,35000-04,Winter,2026,"Cassidy, William",M 1:30 PM-4:30 PM,Finance,,,0,0,Y,41000 41100 35000 20400,30000 33001,,,,,,,,,Y,,,,,,,
35000,INVESTMENTS,100,35000-85,Winter,2026,"Cassidy, William",S 9:00 AM-12:00 PM,Finance,,,0,0,Y,41000 41100 35000 20400,30000 33001,,,,,,,,,Y,,,,,,,
35000,INVESTMENTS,100,35000-03,Autumn,2025,"Dew-Becker, Ian",T 8:30 AM-11:30 AM,Finance,,,0,0,Y,41000 41100 35000 20400,30000 33001,,,,,,,,,Y,,,,,,,
35000,INVESTMENTS,100,35000-81,Summer,2026,,"06/15, 06/17, 06/22, 06/24,",Finance,,,,,,41000 41100 35000 20400,30000 33001,,,,,,,,,Y,,,,,,,
35000,INVESTMENTS,100,35000-01,Autumn,2025,"Vandeweyer, Quentin",W 8:30 AM-11:30 AM,Finance,,,0,0,Y,41000 41100 35000 20400,30000 33001,,,,,,,,,Y,,,,,,,
35000,INVESTMENTS,100,35000-02,Autumn,2025,"Vandeweyer, Quentin",TH 8:30 AM-11:30 AM,Finance,,,0,0,Y,41000 41100 35000 20400,30000 33001,,,,,,,,,Y,,,,,,,
35000,INVESTMENTS,100,35000-81,Autumn,2025,"Vandeweyer, Quentin",TH 6:00 PM-9:00 PM,Finance,,,0,0,Y,41000 41100 35000 20400,30000 33001,,,,,,,,,Y,,,,,,,
35000,INVESTMENTS,100,35000-01,Winter,2026,"Vandeweyer, Quentin",W 8:30 AM-11:30 AM,Finance,,,2111,2111,Y,41000 41100 35000 20400,30000 33001,,,,,,,,,Y,,,,,,,
35000,INVESTMENTS,100,35000-02,Winter,2026,"Vandeweyer, Quentin",TH 8:30 AM-11:30 AM,Finance,,,0,0,Y,41000 41100 35000 20400,30000 33001,,,,,,,,,Y,,,,,,,
35000,INVESTMENTS,100,35000-81,Winter,2026,"Vandeweyer, Quentin",TH 6:00 PM-9:00 PM,Finance,,,0,0,Y,41000 41100 35000 20400,30000 33001,,,,,,,,,Y,,,,,,,
35000,INVESTMENTS,100,35000-04,Autumn,2025,,TH 8:30 AM-11:30 AM,Finance,,,,,,41000 41100 35000 20400,30000 33001,,,,,,,,,Y,,,,,,,
35000,INVESTMENTS,100,35000-05,Autumn,2025,,TH 1:30 PM-4:30 PM,Finance,,,,,,41000 41100 35000 20400,30000 33001,,,,,,,,,Y,,,,,,,
35001,INTRODUCTORY FINANCE,100,35001-01,Winter,2026,"Constantinides, George",TH 8:30 AM-11:30 AM,Finance,,,0,0,Y,35001 35010,30000,,,,,,,,,,,,,,,,
35001,INTRODUCTORY FINANCE,100,35001-85,Winter,2026,"Constantinides, George",S 1:30 PM-4:30 PM,Finance,,,0,0,Y,35001 35010,30000,,,,,,,,,,,,,,,,
35010,MANAGERIAL FINANCE,100,35010-01,Winter,2026,"Constantinides, George",TH 1:30 PM-4:30 PM,,,,0,0,Y,30000 35010 35001,,,,,,,,,,,,,,,,,
35100,FINANCIAL INSTRUMENTS,100,35100-01,Winter,2026,"Boonstra, Brian",T 1:30 PM-4:30 PM,Finance,,,0,0,Y,35000,,,,,,,,,,Y,Y,,,,,,
35118,HEALTHCARE FINANCE,100,35118-01,Autumn,2025,"Veronesi, Pietro",T 8:30 AM-11:30 AM,,,,0,0,Y,41000 35000 35200,,,,,,,,,,Y,Y,,Y,,,,
35120,PORTFOLIO MANAGEMENT,100,35120-01,Spring,2026,"Pastor, Lubos",F 1:30 PM-4:30 PM,Finance,,Y,0,0,Y,35000,,,,,,,,,,Y,Y,,,,,,
35120,PORTFOLIO MANAGEMENT,100,35120-02,Spring,2026,"Pastor, Lubos",F 8:30 AM-11:30 AM,Finance,,Y,0,0,Y,35000,,,,,,,,,,Y,Y,,,,,,
35120,PORTFOLIO MANAGEMENT,100,35120-85,Spring,2026,"Pastor, Lubos",S 9:00 AM-12:00 PM,Finance,,Y,0,0,Y,35000,,,,,,,,,,Y,Y,,,,,,
35121,BEHAVIORAL FINANCE,100,35121-01,Autumn,2025,"Yan, Hongjun",T 8:30 AM-11:30 AM,,,,0,0,Y,35000 41100 35215,,,,,,,,,,Y,Y,,,,,,
35126,QUANTITATIVE PORTFOLIO MANAGEMENT,100,35126-01,Winter,2026,"Koijen, Ralph",M 8:30 AM-11:30 AM,,,,0,0,Y,30000 33001 35000 41000 41100,,,,,Y,,,,,Y,Y,,,,,,
35126,QUANTITATIVE PORTFOLIO MANAGEMENT,100,35126-02,Winter,2026,"Koijen, Ralph",T 8:30 AM-11:30 AM,,,,1001,1001,Y,30000 33001 35000 41000 41100,,,,,Y,,,,,Y,Y,,,,,,
35126,QUANTITATIVE PORTFOLIO MANAGEMENT,100,35126-81,Winter,2026,"Koijen, Ralph",T 6:00 PM-9:00 PM,,,,0,0,Y,30000 33001 35000 41000 41100,,,,,Y,,,,,Y,Y,,,,,,
35130,FIXED INCOME ASSET PRICING,100,35130-01,Spring,2026,"Heaton, John",M 1:30 PM-4:30 PM,Finance,,,0,0,Y,35000,,,,,,,,,,Y,Y,,,,,,
35130,FIXED INCOME ASSET PRICING,100,35130-81,Spring,2026,"Heaton, John",M 6:00 PM-9:00 PM,Finance,,,0,0,Y,35000,,,,,,,,,,Y,Y,,,,,,
35136,BLOCKCHAINS AND DECENTRALIZED FINANCE,100,35136-01,Autumn,2025,"Zhang, Anthony",W 1:30 PM-4:30 PM,,,,0,0,Y,,,,,,,,,,,Y,Y,,,,,,
35137,MACHINE LEARNING IN FINANCE,100,35137-01,Winter,2026,"Bybee, Leland",M 1:30 PM-4:30 PM,,,,0,0,Y,,41000 41100 41210,,Y,,Y,,,,,Y,Y,,,,,,
35137,MACHINE LEARNING IN FINANCE,100,35137-81,Winter,2026,"Bybee, Leland",M 6:00 PM-9:00 PM,,,,0,0,Y,,41000 41100 41210,,Y,,Y,,,,,Y,Y,,,,,,
35139,THE ECONOMICS OF DIGITAL ASSET PRODUCTS AND MARKETS,100,35139-01,Autumn,2025,"van der Merwe, Andria",F 1:30 PM-4:30 PM,,,,3676,0,Y,,,,,,,,,,,Y,Y,,,,,,
35141,ADVANCED MODELS OF SECURITY PRICING AND CREDIT RISK,100,35141-01,Autumn,2025,"Boonstra, Brian",TH 8:30 AM-11:30 AM,,,,0,0,Y,,,,,,,,,,,Y,Y,,,,,,
35144,ARBITRAGE AND CORPORATE SECURITIES,50,35144-01,Spring,2026,"Mitchell, Mark",MW 10:10 AM-11:30 AM,,,,0,0,Y,,,,,,,,,,,Y,,,,,,,
35146,THE FAMILY OFFICE,100,35146-01,Spring,2026,"Heaton, John",W 8:30 AM-11:30 AM,,,,3900,3900,Y,,,,,,,,,,,Y,,,,,,,
35150,ADVANCED INVESTMENTS,100,35150-01,Spring,2026,"Nagel, Stefan",TH 1:30 PM-4:30 PM,Finance,,,0,0,Y,,,,,,,,,,,Y,Y,,,,,,
35150,ADVANCED INVESTMENTS,100,35150-02,Spring,2026,"Nagel, Stefan",TH 8:30 AM-11:30 AM,Finance,,,0,0,Y,,,,,,,,,,,Y,Y,,,,,,
35155,THE PUBLIC AND PRIVATE LENDING MARKETS: INVESTMENT OPPORTUNITIES AND RISKS,100,35155-01,Autumn,2025,"Kalcheva, Galina; Veronesi, Pietro",W 3:00 PM-6:00 PM,,,,0,0,Y,41000 41100 35000 34214,,,,,,,,,,Y,Y,,,,,,
35200,CORPORATION FINANCE,100,35200-03,Winter,2026,,W 8:15 AM-11:15 AM,Finance,,,,,,30000 33001 35000 41000 41100,,,,,,,,,,Y,Y,,,,,,
35200,CORPORATION FINANCE,100,35200-04,Winter,2026,,W 2:15 PM-5:15 PM,Finance,,,,,,30000 33001 35000 41000 41100,,,,,,,,,,Y,Y,,,,,,
35200,CORPORATION FINANCE,100,35200-81,Winter,2026,"Kashyap, Anil",T 6:00 PM-9:00 PM,Finance,,,0,0,Y,30000 33001 35000 41000 41100,,,,,,,,,,Y,Y,,,,,,
35200,CORPORATION FINANCE,100,35200-03,Spring,2026,"Ma, Yueran",TH 8:30 AM-11:30 AM,Finance,,,0,0,Y,30000 33001 35000 41000 41100,,,,,,,,,,Y,Y,,,,,,
35200,CORPORATION FINANCE,100,35200-85,Spring,2026,"Ma, Yueran",S 9:00 AM-12:00 PM,Finance,,,0,0,Y,30000 33001 35000 41000 41100,,,,,,,,,,Y,Y,,,,,,
35200,CORPORATION FINANCE,100,35200-01,Winter,2026,"Noel, Pascal",W 8:30 AM-11:30 AM,Finance,,,1012,1012,Y,30000 33001 35000 41000 41100,,,,,,,,,,Y,Y,,,,,,
35200,CORPORATION FINANCE,100,35200-02,Winter,2026,"Noel, Pascal",TH 8:30 AM-11:30 AM,Finance,,,0,0,Y,30000 33001 35000 41000 41100,,,,,,,,,,Y,Y,,,,,,
35200,CORPORATION FINANCE,100,35200-01,Spring,2026,"Noel, Pascal",W 8:30 AM-11:30 AM,Finance,,,2504,2504,Y,30000 33001 35000 41000 41100,,,,,,,,,,Y,Y,,,,,,
35200,CORPORATION FINANCE,100,35200-02,Spring,2026,"Noel, Pascal",W 1:30 PM-4:30 PM,Finance,,,3033,3033,Y,30000 33001 35000 41000 41100,,,,,,,,,,Y,Y,,,,,,
35200,CORPORATION FINANCE,100,35200-81,Summer,2026,,T 6:00 PM-9:00 PM,Finance,,,,,,30000 33001 35000 41000 41100,,,,,,,,,,Y,Y,,,,,,
35200,CORPORATION FINANCE,100,35200-01,Autumn,2025,"Vasudevan, Kaushik",TH 8:30 AM-11:30 AM,Finance,,,0,1234,Y,30000 33001 35000 41000 41100,,,,,,,,,,Y,Y,,,,,,
35200,CORPORATION FINANCE,100,35200-02,Autumn,2025,"Vasudevan, Kaushik",TH 1:30 PM-4:30 PM,Finance,,,0,0,Y,30000 33001 35000 41000 41100,,,,,,,,,,Y,Y,,,,,,
35201,CASES IN FINANCIAL MANAGEMENT,100,35201-01,Spring,2026,"Andrade, Gregor",F 1:30 PM-4:30 PM,Finance,,,0,0,Y,35000 35200 35901 35902 35010,,,,,,,,,,Y,Y,,,,,,
35201,CASES IN FINANCIAL MANAGEMENT,100,35201-01,Autumn,2025,"Born, Laura",W 8:30 AM-11:30 AM,Finance,,Y,0,7103,Y,35000 35200 35901 35902 35010,,,,,,,,,,Y,Y,,,,,,
35201,CASES IN FINANCIAL MANAGEMENT,100,35201-02,Autumn,2025,"Born, Laura",W 1:30 PM-4:30 PM,Finance,,Y,0,5000,Y,35000 35200 35901 35902 35010,,,,,,,,,,Y,Y,,,,,,
35201,CASES IN FINANCIAL MANAGEMENT,100,35201-01,Winter,2026,"Born, Laura",W 8:30 AM-11:30 AM,Finance,,Y,9290,9290,Y,35000 35200 35901 35902 35010,,,,,,,,,,Y,Y,,,,,,
35201,CASES IN FINANCIAL MANAGEMENT,100,35201-81,Spring,2026,"Pierce, Joshua",T 6:00 PM-9:00 PM,Finance,,,0,0,Y,35000 35200 35901 35902 35010,,,,,,,,,,Y,Y,,,,,,
35207,CONSUMER FINANCE,100,35207-01,Winter,2026,"Nelson, Scott",TH 1:30 PM-4:30 PM,,,,578,578,Y,33001 35200,,,,,,,,,,Y,Y,,,,,,
35207,CONSUMER FINANCE,100,35207-85,Winter,2026,"Nelson, Scott",S 1:30 PM-4:30 PM,,,,0,0,Y,33001 35200,,,,,,,,,,Y,Y,,,,,,
35210,INTERNATIONAL CORPORATE FINANCE,100,35210-01,Spring,2026,"Rajan, Raghuram",,Finance,,,604,604,Y,35200 35201 30130 34101 35902,,,,,,,,,,Y,Y,,,Y,,,
35210,INTERNATIONAL CORPORATE FINANCE,100,35210-81,Spring,2026,"Rajan, Raghuram",W 6:00 PM-9:00 PM,Finance,,,0,0,Y,35200 35201 30130 34101 35902,,,,,,,,,,Y,Y,,,Y,,,
35213,Emerging Markets Finance and Entrepreneurship,100,35213-01,Winter,2026,"Colonnelli, Emanuele",M 8:30 AM-11:30 AM,,,,199,199,Y,,34101,,,,,,,,Y,Y,Y,,,Y,,,
35214,"DEBT, DISTRESS, AND RESTRUCTURING",100,35214-01,Spring,2026,"Sufi, Amir",M 1:30 PM-4:30 PM,Finance,,,7934,7934,Y,,30000 33001 41000 41100 35000 35200 35214 35824 35224,,,,,,,,,Y,Y,,,,,,
35214,"DEBT, DISTRESS, AND RESTRUCTURING",100,35214-81,Spring,2026,"Sufi, Amir",T 6:00 PM-9:00 PM,Finance,,,0,0,Y,,30000 33001 41000 41100 35000 35200 35214 35824 35224,,,,,,,,,Y,Y,,,,,,
35215,BEHAVIORAL AND INSTITUTIONAL FINANCE,100,35215-01,Autumn,2025,"Vishny, Robert",,,,,0,0,Y,,35000 35200,,,,,,,,,Y,Y,,,,,,
35215,BEHAVIORAL AND INSTITUTIONAL FINANCE,100,35215-81,Autumn,2025,"Vishny, Robert",TH 6:00 PM-9:00 PM,,,,0,0,Y,,35000 35200,,,,,,,,,Y,Y,,,,,,
35218,FINANCIAL CRISES,100,35218-01,Autumn,2025,"Chabot, Ben",TH 1:30 PM-4:30 PM,,,,0,0,Y,,,,,,,,,,,Y,Y,,,,,,
35222,CORPORATE GOVERNANCE AND ACTIVISM - BOARD AND DIRECTOR ROLES IN CRITICAL DECISIONS,100,35222-01,Autumn,2025,"Adrianopoli, Carlin; Hessler, Stephen; Schriesheim, Robert",TH 1:30 PM-4:30 PM,,,,0,193,Y,,,,,,,,,,,Y,,,,,,,
35223,"GLOBAL ENTREPRENEURSHIP, VENTURE CAPITAL AND PRIVATE EQUITY",100,35223-01,Winter,2026,"COLONNELLI, EMANUELE",,,,,,,,,,,,,,,,,,,,,,,,,
35224,DISTRESSED DEBT INVESTING,100,35224-01,Spring,2026,"Mehta, Ravi",T 1:30 PM-4:30 PM,,,,0,0,Y,,,,,,,,,,,,,,,,,,
35600,SEMINAR: FINANCE,100,35600-60,Spring,2026,"Bastianello, Francesca; Noel, Pascal",T 1:20 PM-2:50 PM,,,,0,0,Y,,35600 55600,,,,,,,,,,,,,,,,
35600,SEMINAR: FINANCE,100,35600-60,Autumn,2025,"Bybee, Leland; Colonnelli, Emanuele",T 1:20 PM-2:50 PM,,,,0,0,Y,,35600 55600,,,,,,,,,,,,,,,,
35600,SEMINAR: FINANCE,100,35600-60,Winter,2026,"Koijen, Ralph; Sufi, Amir",T 1:20 PM-2:50 PM,,,,0,0,Y,,35600 55600,,,,,,,,,,,,,,,,
35601,APPLIED THEORY WORKSHOP,100,35601-60,Autumn,2025,"Leshno, Jacob",T 3:30 PM-5:00 PM,,,,0,0,Y,,,,,,,,,,,,,,,,,,
35601,APPLIED THEORY WORKSHOP,100,35601-60,Spring,2026,"Pernoud, Agathe",T 3:30 PM-5:00 PM,,,,0,0,Y,,,,,,,,,,,,,,,,,,
35817,HEALTHCARE FINANCE,50,35817-88,Summer,2026,"VERONESI, PIETRO","08/03, 08/04, 08/05, 08/07,",,,,,,,,,,,,,,,,,Y,,,Y,,,,
35830,THE FAMILY OFFICE,50,35830-88,Summer,2026,"HEATON, JOHN","08/10, 08/11, 08/13, 08/14,",,,,,,,,,,,,,,,,,Y,,,,,,,
35908,RESEARCH PROJECTS: FINANCE,100,35908-50,Spring,2026,"FAMA, EUGENE",W 1:30 PM-5:00 PM,,,,,,,,,,,,,,,,,Y,Y,,,,,,
35916,NEW DEVELOPMENTS IN PUBLIC FINANCE,100,35916-50,Winter,2026,"Ganong, Peter; Noel, Pascal; Zwick, Eric",M 1:20 PM-4:20 PM,,,,0,0,Y,35916 36330 42540,,,,,,,,,,Y,Y,,,,,,
35930,RESEARCH SEMINAR,100,35930-50,Autumn,2025,"Nagel, Stefan; Noel, Pascal; Zhang, Anthony",T 8:30 AM-11:30 AM,,,,0,0,Y,,35930 49700,,,,,,,,,,,,,,,,
35930,RESEARCH SEMINAR,100,35930-02,Autumn,2025,"Patterson, Christina; Rossi-Hansberg, Esteban",M 10:30 AM-11:50 AM,,,,0,0,Y,,35930 49700,,,,,,,,,,,,,,,,
35931,RESEARCH SEMINAR,100,35931-50,Winter,2026,"Nagel, Stefan; Noel, Pascal; Zhang, Anthony",T 4:00 PM-5:30 PM,,,,0,0,Y,,35931 49800,,,,,,,,,,,,,,,,
35931,RESEARCH SEMINAR,100,35931-02,Winter,2026,"Patterson, Christina; Rossi-Hansberg, Esteban",M 3:00 PM-4:20 PM,,,,0,0,Y,,35931 49800,,,,,,,,,,,,,,,,
35932,ESTEBAN RESEARCH SEMINAR,100,35932-50,Spring,2026,"Nagel, Stefan; Noel, Pascal; Zhang, Anthony",T 8:30 AM-11:30 AM,,,,0,0,Y,,35932 49900,,,,,,,,,,,,,,,,
35932,ESTEBAN RESEARCH SEMINAR,100,35932-02,Spring,2026,"Patterson, Christina; Rossi-Hansberg, Esteban",M 3:00 PM-4:30 PM,,,,0,0,Y,,35932 49900,,,,,,,,,,,,,,,,
36106,ESTEBAN MANAGERIAL DECISION MODELING,100,36106-01,Spring,2026,"Afèche, Philipp",T 8:30 AM-11:30 AM,Decisions,,,0,0,Y,,41000,,,,Y,,,,,,,,,,,Y,
36106,ESTEBAN MANAGERIAL DECISION MODELING,100,36106-02,Spring,2026,"Afèche, Philipp",T 1:30 PM-4:30 PM,Decisions,,,0,0,Y,,41000,,,,Y,,,,,,,,,,,Y,
36106,ESTEBAN MANAGERIAL DECISION MODELING,100,36106-02,Autumn,2025,,M 8:30 AM-11:30 AM,Decisions,,,,,,,41000,,,,Y,,,,,,,,,,,Y,
36106,ESTEBAN MANAGERIAL DECISION MODELING,100,36106-03,Autumn,2025,,M 1:30 PM-4:30 PM,Decisions,,,,,,,41000,,,,Y,,,,,,,,,,,Y,
36106,ESTEBAN MANAGERIAL DECISION MODELING,100,36106-04,Autumn,2025,,M 5:00 PM-8:00 PM,Decisions,,,,,,,41000,,,,Y,,,,,,,,,,,Y,
36106,ESTEBAN MANAGERIAL DECISION MODELING,100,36106-81,Summer,2026,,"06/16, 06/18, 06/23, 06/25,",Decisions,,,,,,,41000,,,,Y,,,,,,,,,,,Y,
36106,ESTEBAN MANAGERIAL DECISION MODELING,100,36106-01,Autumn,2025,"Niazadeh, Rad",TH 8:30 AM-11:30 AM,Decisions,,,0,0,Y,,41000,,,,Y,,,,,,,,,,,Y,
36106,ESTEBAN MANAGERIAL DECISION MODELING,100,36106-81,Autumn,2025,"Niazadeh, Rad",TH 6:00 PM-9:00 PM,Decisions,,,0,0,Y,,41000,,,,Y,,,,,,,,,,,Y,
36106,ESTEBAN MANAGERIAL DECISION MODELING,100,36106-01,Winter,2026,"Sandikci, Burhaneddin",TH 8:30 AM-11:30 AM,Decisions,,,0,0,Y,,41000,,,,Y,,,,,,,,,,,Y,
36106,ESTEBAN MANAGERIAL DECISION MODELING,100,36106-02,Winter,2026,"Sandikci, Burhaneddin",TH 1:30 PM-4:30 PM,Decisions,,,0,0,Y,,41000,,,,Y,,,,,,,,,,,Y,
36106,ESTEBAN MANAGERIAL DECISION MODELING,100,36106-85,Winter,2026,"Sandikci, Burhaneddin",S 1:30 PM-4:30 PM,Decisions,,,0,0,Y,,41000,,,,Y,,,,,,,,,,,Y,
36109,ADVANCED DECISION MODELS WITH PYTHON,100,36109-01,Winter,2026,"Eisenstein, Donald",T 1:30 PM-4:30 PM,Decisions,,,0,0,Y,,36106,,,,Y,,,,,,,,,,,Y,
36109,ADVANCED DECISION MODELS WITH PYTHON,100,36109-02,Winter,2026,"Eisenstein, Donald",W 1:30 PM-4:30 PM,Decisions,,,0,0,Y,,36106,,,,Y,,,,,,,,,,,Y,
36109,ADVANCED DECISION MODELS WITH PYTHON,100,36109-81,Winter,2026,"Eisenstein, Donald",TH 6:00 PM-9:00 PM,Decisions,,,0,0,Y,,36106,,,,Y,,,,,,,,,,,Y,
36110,APPLICATION DEVELOPMENT,100,36110-01,Autumn,2025,"Betina, Raghu",M 1:30 PM-4:30 PM,,,,2237,0,Y,,,,,,,,,,Y,,,,,,,,
36110,APPLICATION DEVELOPMENT,100,36110-81,Autumn,2025,"Betina, Raghu",W 6:00 PM-9:00 PM,,,,0,300,Y,,,,,,,,,,Y,,,,,,,,
36110,APPLICATION DEVELOPMENT,100,36110-01,Winter,2026,"Betina, Raghu",M 1:30 PM-4:30 PM,,,,0,0,Y,,,,,,,,,,Y,,,,,,,,
36110,APPLICATION DEVELOPMENT,100,36110-02,Winter,2026,"Betina, Raghu",T 8:30 AM-11:30 AM,,,,0,0,Y,,,,,,,,,,Y,,,,,,,,
36110,APPLICATION DEVELOPMENT,100,36110-01,Spring,2026,"Betina, Raghu",M 1:30 PM-4:30 PM,,,,0,0,Y,,,,,,,,,,Y,,,,,,,,
36110,APPLICATION DEVELOPMENT,100,36110-81,Spring,2026,"Betina, Raghu",T 6:00 PM-9:00 PM,,,,0,0,Y,,,,,,,,,,Y,,,,,,,,
36111,APPLICATION DEVELOPMENT II,100,36111-81,Spring,2026,"Betina, Raghu",M 6:00 PM-9:00 PM,,,,0,0,Y,36110 20550,,,,,,,,,,,,,,,,,
36600,WORKSHOP IN OPERATIONS/MANAGEMENT SCIENCE,100,36600-60,Winter,2026,"Candogan, Ozan",T 12:10 PM-1:10 PM,,,,0,0,Y,,,,,,,,,,,,,,,,,,
36600,WORKSHOP IN OPERATIONS/MANAGEMENT SCIENCE,100,36600-60,Autumn,2025,"Niazadeh, Rad; Taskesen, Bahar",T 12:10 PM-1:10 PM,,,,0,0,Y,,,,,,,,,,,,,,,,,,
36600,WORKSHOP IN OPERATIONS/MANAGEMENT SCIENCE,100,36600-60,Spring,2026,"Niazadeh, Rad; Taskesen, Bahar",T 12:10 PM-1:10 PM,,,,0,0,Y,,,,,,,,,,,,,,,,,,
36900,LINEAR PROGRAMMING,100,36900-50,Spring,2026,"Birge, John",T 8:30 AM-11:30 AM,,,,0,0,Y,,,,,,,,,,,,,,,,,,
36902,DYNAMIC PROGRAMMING/MARKOV DECISION PROCESSES,100,36902-50,Spring,2026,"Caldentey, Rene",M 8:30 AM-11:30 AM,,,,0,0,Y,,,,,,,,,,,,,,,,,,
36903,Convex Optimization,100,36903-01,Spring,2026,"Staff, Staff",TTH 2:00 PM-3:20 PM,,,,0,0,Y,,,,,,,,,,,,,,,,,,
36905,APPROXIMATE DYNAMIC PROGRAMMING,100,36905-50,Autumn,2025,"Adelman, Dan",W 8:30 AM-11:30 AM,,,,0,0,Y,,,,,,,,,,,,,,,,,,
36906,STOCHASTIC PROCESSES,100,36906-50,Autumn,2025,"Ata, Baris",TH 8:30 AM-11:30 AM,,,,0,0,Y,,,,,,,,,,,,,,,,,,
36914,QUEUEING THEORY,100,36914-50,Winter,2026,"Zhong, Yuan",F 9:00 AM-12:00 PM,,,,0,0,Y,,,,,,,,,,,,,,,,,,
37000,MARKETING STRATEGY,100,37000-81,Summer,2026,,W 6:00 PM-9:00 PM,Marketing,,,,,,,37000 20600,,,,,,,,,,,,,,Y,,
37000,MARKETING STRATEGY,100,37000-85,Summer,2026,,S 9:00 AM-12:00 PM,Marketing,,,,,,,37000 20600,,,,,,,,,,,,,,Y,,
37000,MARKETING STRATEGY,100,37000-01,Spring,2026,"Dietvorst, Berkeley",TH 8:30 AM-11:30 AM,Marketing,,,0,0,Y,,37000 20600,,,,,,,,,,,,,,Y,,
37000,MARKETING STRATEGY,100,37000-02,Spring,2026,"Dietvorst, Berkeley",TH 1:30 PM-4:30 PM,Marketing,,,0,0,Y,,37000 20600,,,,,,,,,,,,,,Y,,
37000,MARKETING STRATEGY,100,37000-85,Spring,2026,"Dietvorst, Berkeley",S 1:30 PM-4:30 PM,Marketing,,,0,0,Y,,37000 20600,,,,,,,,,,,,,,Y,,
37000,MARKETING STRATEGY,100,37000-02,Winter,2026,"Hu, Beidi",W 8:30 AM-11:30 AM,Marketing,,,0,0,Y,,37000 20600,,,,,,,,,,,,,,Y,,
37000,MARKETING STRATEGY,100,37000-03,Winter,2026,"Hu, Beidi",W 1:30 PM-4:30 PM,Marketing,,,0,0,Y,,37000 20600,,,,,,,,,,,,,,Y,,
37000,MARKETING STRATEGY,100,37000-02,Autumn,2025,"Korganbekova, Malika",W 1:30 PM-4:30 PM,Marketing,,,0,0,Y,,37000 20600,,,,,,,,,,,,,,Y,,
37000,MARKETING STRATEGY,100,37000-81,Autumn,2025,"Korganbekova, Malika",W 6:00 PM-9:00 PM,Marketing,,,0,0,Y,,37000 20600,,,,,,,,,,,,,,Y,,
37000,MARKETING STRATEGY,100,37000-01,Autumn,2025,"Shapiro, Bradley",TH 8:30 AM-11:30 AM,Marketing,,,4500,0,Y,,37000 20600,,,,,,,,,,,,,,Y,,
37000,MARKETING STRATEGY,100,37000-01,Winter,2026,"Smith, Stephanie",W 8:30 AM-11:30 AM,Marketing,,,0,0,Y,,37000 20600,,,,,,,,,,,,,,Y,,
37000,MARKETING STRATEGY,100,37000-04,Winter,2026,"Smith, Stephanie",W 1:30 PM-4:30 PM,Marketing,,,0,0,Y,,37000 20600,,,,,,,,,,,,,,Y,,
37000,MARKETING STRATEGY,100,37000-81,Winter,2026,"Smith, Stephanie",TH 6:00 PM-9:00 PM,Marketing,,,0,0,Y,,37000 20600,,,,,,,,,,,,,,Y,,
37000,MARKETING STRATEGY,100,37000-03,Autumn,2025,"Strulov-Shlain, Avner",M 1:30 PM-4:30 PM,Marketing,,,0,0,Y,,37000 20600,,,,,,,,,,,,,,Y,,
37000,MARKETING STRATEGY,100,37000-04,Autumn,2025,"Strulov-Shlain, Avner",W 8:30 AM-11:30 AM,Marketing,,,0,0,Y,,37000 20600,,,,,,,,,,,,,,Y,,
37000,MARKETING STRATEGY,100,37000-05,Autumn,2025,"Strulov-Shlain, Avner",W 1:30 PM-4:30 PM,Marketing,,,0,0,Y,,37000 20600,,,,,,,,,,,,,,Y,,
37101,CONSUMER BEHAVIOR,100,37101-85,Autumn,2025,"Bartels, Daniel",S 9:00 AM-12:00 PM,Marketing,,,0,0,Y,,37000,,,,,,,,,,,,,,Y,,
37101,CONSUMER BEHAVIOR,100,37101-01,Winter,2026,"Bartels, Daniel",W 1:30 PM-4:30 PM,Marketing,,,1111,1111,Y,,37000,,,,,,,,,,,,,,Y,,
37101,CONSUMER BEHAVIOR,100,37101-02,Winter,2026,"Bartels, Daniel",TH 8:30 AM-11:30 AM,Marketing,,,0,0,Y,,37000,,,,,,,,,,,,,,Y,,
37101,CONSUMER BEHAVIOR,100,37101-81,Winter,2026,"Bartels, Daniel",W 6:00 PM-9:00 PM,Marketing,,,0,0,Y,,37000,,,,,,,,,,,,,,Y,,
37101,CONSUMER BEHAVIOR,100,37101-01,Spring,2026,"Donnelly, Kristin",W 8:30 AM-11:30 AM,Marketing,,,1206,1206,Y,,37000,,,,,,,,,,,,,,Y,,
37101,CONSUMER BEHAVIOR,100,37101-02,Spring,2026,"Donnelly, Kristin",TH 8:30 AM-11:30 AM,Marketing,,,0,0,Y,,37000,,,,,,,,,,,,,,Y,,
37101,CONSUMER BEHAVIOR,100,37101-03,Spring,2026,"Donnelly, Kristin",W 1:30 PM-4:30 PM,Marketing,,,0,0,Y,,37000,,,,,,,,,,,,,,Y,,
37103,DATA-DRIVEN MARKETING,100,37103-01,Winter,2026,"Hitsch, Guenter",W 1:30 PM-4:30 PM,Marketing,,,0,0,Y,37103 37105 20620,37000 37100 41000 41100,,,,Y,,,,,,,,,,Y,,
37105,DATA SCIENCE FOR MARKETING DECISION MAKING,100,37105-81,Autumn,2025,"Compiani, Giovanni",TH 6:00 PM-9:00 PM,Marketing,,,0,0,Y,41000 41100 37105 37103 20620,,,,,Y,,,,,,,,,,Y,,
37201,LAB IN DEVELOPING NEW PRODUCTS AND SERVICES,100,37201-01,Winter,2026,,TH 1:30 PM-4:30 PM,Marketing,Y,,,,,,37000 37201 37200 37810,,,,,,,,Y,,,,Y,,Y,,Y
37201,LAB IN DEVELOPING NEW PRODUCTS AND SERVICES,100,37201-02,Winter,2026,,F 1:30 PM-4:30 PM,Marketing,Y,,,,,,37000 37201 37200 37810,,,,,,,,Y,,,,Y,,Y,,Y
37201,LAB IN DEVELOPING NEW PRODUCTS AND SERVICES,100,37201-81,Winter,2026,,TH 6:00 PM-9:00 PM,Marketing,Y,,,,,,37000 37201 37200 37810,,,,,,,,Y,,,,Y,,Y,,Y
37201,LAB IN DEVELOPING NEW PRODUCTS AND SERVICES,100,37201-01,Spring,2026,,F 8:30 AM-11:30 AM,Marketing,Y,,,,,,37000 37201 37200 37810,,,,,,,,Y,,,,Y,,Y,,Y
37201,LAB IN DEVELOPING NEW PRODUCTS AND SERVICES,100,37201-81,Spring,2026,,W 6:00 PM-9:00 PM,Marketing,Y,,,,,,37000 37201 37200 37810,,,,,,,,Y,,,,Y,,Y,,Y
37202,PRICING STRATEGIES,100,37202-01,Spring,2026,"Dubé, Jean-Pierre",W 1:30 PM-4:30 PM,Marketing,,Y,16032,16032,Y,33001 37000,,,,,Y,,,,,,,,,,Y,,
37202,PRICING STRATEGIES,100,37202-81,Spring,2026,"Dubé, Jean-Pierre",W 6:00 PM-9:00 PM,Marketing,,Y,3589,3589,Y,33001 37000,,,,,Y,,,,,,,,,,Y,,
37202,PRICING STRATEGIES,100,37202-01,Winter,2026,"Rossi, Federico",M 8:30 AM-11:30 AM,Marketing,,,0,0,Y,33001 37000,,,,,Y,,,,,,,,,,Y,,
37202,PRICING STRATEGIES,100,37202-02,Winter,2026,"Rossi, Federico",M 1:30 PM-4:30 PM,Marketing,,,0,0,Y,33001 37000,,,,,Y,,,,,,,,,,Y,,
37209,BRAND MANAGEMENT IN A DIGITAL AGE,100,37209-01,Winter,2026,"Hafen, Tom",M 5:00 PM-8:00 PM,Marketing,,,0,0,Y,,,,,,,,,,,,,,,,Y,,
37209,BRAND MANAGEMENT IN A DIGITAL AGE,100,37209-81,Spring,2026,"Hafen, Tom",M 6:00 PM-9:00 PM,Marketing,,,0,0,Y,,,,,,,,,,,,,,,,Y,,
37209,BRAND MANAGEMENT IN A DIGITAL AGE,100,37209-85,Spring,2026,"Hafen, Tom",S 1:30 PM-4:30 PM,Marketing,,,0,0,Y,,,,,,,,,,,,,,,,Y,,
37212,BUSINESS WITH PURPOSE,100,37212-01,Winter,2026,"Sussman, Abigail",M 1:30 PM-4:30 PM,Society,,,0,0,Y,,,,,,,Y,,,,,,,,,Y,,
37212,BUSINESS WITH PURPOSE,100,37212-81,Winter,2026,"Sussman, Abigail",M 6:00 PM-9:00 PM,Society,,,0,0,Y,,,,,,,Y,,,,,,,,,Y,,
37215,PRODUCT MANAGEMENT,100,37215-01,Spring,2026,"Taneja, Anshuman; Urminsky, Oleg",M 1:30 PM-4:30 PM,,,,42,42,Y,37000,,,,,,,,,,,,,,,Y,,
37215,PRODUCT MANAGEMENT,100,37215-81,Spring,2026,"Taneja, Anshuman; Urminsky, Oleg",M 6:00 PM-9:00 PM,,,,0,0,Y,37000,,,,,,,,,,,,,,,Y,,
37301,DIGITAL MARKETING,100,37301-81,Autumn,2025,"Mohan, Lil",F 6:00 PM-9:00 PM,Marketing,,,0,0,Y,,37000,,,,,,,,Y,,,,,,Y,,
37601,MARKETING WORKSHOP,100,37601-60,Winter,2026,"Compiani, Giovanni; Donnelly, Kristin",T 10:40 AM-12:00 PM,,,,0,0,Y,,,,,,,,,,,,,,,,,,
37601,MARKETING WORKSHOP,100,37601-60,Spring,2026,"Donnelly, Kristin; Kraft, Andreas",T 10:40 AM-12:00 PM,,,,0,0,Y,,,,,,,,,,,,,,,,,,
37601,MARKETING WORKSHOP,100,37601-60,Autumn,2025,"Shapiro, Bradley; Sussman, Abigail",T 10:40 AM-12:00 PM,,,,0,0,Y,,,,,,,,,,,,,,,,,,
37703,DIGITAL MARKETING LAB,100,37703-85,Autumn,2025,"MOHAN, LIL",S 1:30 PM-4:30 PM,Marketing,Y,,,,,37000,,,,,,,,,Y,,,,Y,,Y,,
37820,PROFIT THROUGH SOCIAL VALUE,50,37820-88,Summer,2026,"SUSSMAN, ABIGAIL","08/03, 08/04, 08/05, 08/07,",,,,,,,,,,,,,,,,,,,,,,Y,,
37902,FOUNDATIONS OF ADVANCED QUANTITATIVE MARKETING,100,37902-50,Winter,2026,"Chintagunta, Pradeep",M 4:45 PM-7:45 PM,,,,0,0,Y,,,,,,,,,,,,,,,,Y,,
37903,ADV MKTG THEORY: BEHAVIORAL SCIENCE APPROACH,100,37903-50,Spring,2026,"Sussman, Abigail",W 1:30 PM-4:30 PM,,,,0,0,Y,,,,,,,,,,,,,,,,,,
37904,ADVANCED QUANTITATIVE MARKETING,100,37904-50,Winter,2026,"Dubé, Jean-Pierre; Hitsch, Guenter",M 1:30 PM-4:30 PM,,,,0,0,Y,,37904 40902,,,,,,,,,,,,,,,,
37905,MARKETING LITERATURE SEMINAR,100,37905-50,Winter,2026,"Compiani, Giovanni; Dietvorst, Berkeley",M 8:30 AM-11:30 AM,,,,0,0,Y,,,,,,,,,,,,,,,,,,
37907,BEHAVIORAL SCIENCE RESEARCH METHODS IN MARKETING,100,37907-50,Winter,2026,"Urminsky, Oleg",TH 9:00 AM-12:00 PM,,,,0,0,Y,,,,,,,,,,,,,,,,,,
37911,MARKETING RESEARCH SEMINAR (WINTER),50,37911-51,Winter,2026,,T 9:30 AM-11:00 AM,,,,,,,,,,,,,,,,,,,,,,,,
37911,MARKETING RESEARCH SEMINAR (WINTER),50,37911-50,Winter,2026,,T 1:00 PM-2:30 PM,,,,,,,,,,,,,,,,,,,,,,,,
37912,MARKETING RESEARCH SEMINAR (SPRING),50,37912-51,Spring,2026,"Donnelly, Kristin",T 9:30 AM-11:00 AM,,,,0,0,Y,,,,,,,,,,,,,,,,,,
37912,MARKETING RESEARCH SEMINAR (SPRING),50,37912-50,Spring,2026,"Kraft, Andreas",T 1:00 PM-2:30 PM,,,,0,0,Y,,,,,,,,,,,,,,,,,,
38000,MANAGERIAL PSYCHOLOGY,100,38000-01,Winter,2026,"GINZEL, LINDA",TH 8:30 AM-11:30 AM,,,,,,,,,,,,,,,,,,,,,,,,
38000,MANAGERIAL PSYCHOLOGY,100,38000-02,Winter,2026,"GINZEL, LINDA",TH 1:30 PM-4:30 PM,,,,,,,,,,,,,,,,,,,,,,,,
38001,MANAGING IN ORGANIZATIONS,100,38001-01,Spring,2026,"Fishbach, Ayelet",T 8:30 AM-11:30 AM,People,,,0,0,Y,,,,,Y,,,,,,,,,,,,,
38001,MANAGING IN ORGANIZATIONS,100,38001-02,Spring,2026,"Fishbach, Ayelet",W 1:30 PM-4:30 PM,People,,,0,0,Y,,,,,Y,,,,,,,,,,,,,
38001,MANAGING IN ORGANIZATIONS,100,38001-81,Spring,2026,"Fishbach, Ayelet",W 6:00 PM-9:00 PM,People,,,0,0,Y,,,,,Y,,,,,,,,,,,,,
38001,MANAGING IN ORGANIZATIONS,100,38001-01,Winter,2026,"Koch, Alex",T 8:30 AM-11:30 AM,People,,,0,0,Y,,,,,Y,,,,,,,,,,,,,
38001,MANAGING IN ORGANIZATIONS,100,38001-02,Winter,2026,"Koch, Alex",T 1:30 PM-4:30 PM,People,,,4,4,Y,,,,,Y,,,,,,,,,,,,,
38001,MANAGING IN ORGANIZATIONS,100,38001-01,Autumn,2025,"McGill, Ann",T 1:30 PM-4:30 PM,People,,,1798,0,Y,,,,,Y,,,,,,,,,,,,,
38001,MANAGING IN ORGANIZATIONS,100,38001-02,Autumn,2025,"McGill, Ann",W 1:30 PM-4:30 PM,People,,,1502,0,Y,,,,,Y,,,,,,,,,,,,,
38001,MANAGING IN ORGANIZATIONS,100,38001-81,Autumn,2025,"McGill, Ann",T 6:00 PM-9:00 PM,People,,,0,0,Y,,,,,Y,,,,,,,,,,,,,
38001,MANAGING IN ORGANIZATIONS,100,38001-82,Spring,2026,"O'Brien, Ed",F 6:00 PM-9:00 PM,People,,,0,0,Y,,,,,Y,,,,,,,,,,,,,
38001,MANAGING IN ORGANIZATIONS,100,38001-85,Spring,2026,"O'Brien, Ed",S 9:00 AM-12:00 PM,People,,,0,0,Y,,,,,Y,,,,,,,,,,,,,
38002,MANAGERIAL DECISION MAKING,100,38002-01,Winter,2026,"Hastie, Reid",TH 1:30 PM-4:30 PM,Decisions,,,0,0,Y,,,,,Y,,,,,,,,,,,,,
38002,MANAGERIAL DECISION MAKING,100,38002-85,Winter,2026,"Hastie, Reid",S 9:00 AM-12:00 PM,Decisions,,,0,0,Y,,,,,Y,,,,,,,,,,,,,
38002,MANAGERIAL DECISION MAKING,100,38002-01,Spring,2026,"Todorov, Alexander",W 1:30 PM-4:30 PM,Decisions,,,0,0,Y,,,,,Y,,,,,,,,,,,,,
38002,MANAGERIAL DECISION MAKING,100,38002-02,Spring,2026,"Todorov, Alexander",W 5:00 PM-8:00 PM,Decisions,,,0,0,Y,,,,,Y,,,,,,,,,,,,,
38002,MANAGERIAL DECISION MAKING,100,38002-81,Spring,2026,"Todorov, Alexander",TH 6:00 PM-9:00 PM,Decisions,,,0,0,Y,,,,,Y,,,,,,,,,,,,,
38002,MANAGERIAL DECISION MAKING,100,38002-81,Summer,2026,,"07/14, 07/16, 07/21, 07/23,",Decisions,,,,,,,,,,Y,,,,,,,,,,,,,
38003,POWER AND INFLUENCE IN ORGANIZATIONS,100,38003-01,Autumn,2025,"Nussbaum, A.",TH 8:30 AM-11:30 AM,People,,,327,0,Y,,,,,Y,,,,,,,,,,,,,
38003,POWER AND INFLUENCE IN ORGANIZATIONS,100,38003-02,Autumn,2025,"Nussbaum, A.",TH 1:30 PM-4:30 PM,People,,,405,0,Y,,,,,Y,,,,,,,,,,,,,
38003,POWER AND INFLUENCE IN ORGANIZATIONS,100,38003-85,Autumn,2025,"Nussbaum, A.",S 1:30 PM-4:30 PM,People,,,0,0,Y,,,,,Y,,,,,,,,,,,,,
38103,STRATEGIES AND PROCESSES OF NEGOTIATION,100,38103-03,Winter,2026,"Burrows, John",W 8:30 AM-11:30 AM,,,Y,1012,1012,Y,,38001 38002 38003,,,Y,,,,,,,,,,,,,
38103,STRATEGIES AND PROCESSES OF NEGOTIATION,100,38103-04,Winter,2026,"Burrows, John",TH 8:30 AM-11:30 AM,,,Y,0,0,Y,,38001 38002 38003,,,Y,,,,,,,,,,,,,
38103,STRATEGIES AND PROCESSES OF NEGOTIATION,100,38103-81,Summer,2026,,M 6:00 PM-9:00 PM,,,Y,,,,,38001 38002 38003,,,Y,,,,,,,,,,,,,
38103,STRATEGIES AND PROCESSES OF NEGOTIATION,100,38103-01,Autumn,2025,"Kirgios, Erika",W 1:30 PM-4:30 PM,,,Y,0,3250,Y,,38001 38002 38003,,,Y,,,,,,,,,,,,,
38103,STRATEGIES AND PROCESSES OF NEGOTIATION,100,38103-02,Autumn,2025,"Kirgios, Erika",W 5:00 PM-8:00 PM,,,Y,0,0,Y,,38001 38002 38003,,,Y,,,,,,,,,,,,,
38103,STRATEGIES AND PROCESSES OF NEGOTIATION,100,38103-81,Autumn,2025,"Kirgios, Erika",TH 6:00 PM-9:00 PM,,,Y,0,0,Y,,38001 38002 38003,,,Y,,,,,,,,,,,,,
38103,STRATEGIES AND PROCESSES OF NEGOTIATION,100,38103-01,Spring,2026,"Koch, Alex",TH 1:30 PM-4:30 PM,,,Y,501,501,Y,,38001 38002 38003,,,Y,,,,,,,,,,,,,
38103,STRATEGIES AND PROCESSES OF NEGOTIATION,100,38103-05,Spring,2026,"Koch, Alex",TH 8:30 AM-11:30 AM,,,Y,0,0,Y,,38001 38002 38003,,,Y,,,,,,,,,,,,,
38103,STRATEGIES AND PROCESSES OF NEGOTIATION,100,38103-02,Spring,2026,"Levine, Emma",T 1:30 PM-4:30 PM,,,Y,77,77,Y,,38001 38002 38003,,,Y,,,,,,,,,,,,,
38103,STRATEGIES AND PROCESSES OF NEGOTIATION,100,38103-03,Spring,2026,"Levine, Emma",W 8:30 AM-11:30 AM,,,Y,363,363,Y,,38001 38002 38003,,,Y,,,,,,,,,,,,,
38103,STRATEGIES AND PROCESSES OF NEGOTIATION,100,38103-01,Winter,2026,"Wittenbrink, Bernd",W 1:30 PM-4:30 PM,,,Y,0,0,Y,,38001 38002 38003,,,Y,,,,,,,,,,,,,
38103,STRATEGIES AND PROCESSES OF NEGOTIATION,100,38103-05,Winter,2026,"Wittenbrink, Bernd",TH 1:30 PM-4:30 PM,,,Y,0,0,Y,,38001 38002 38003,,,Y,,,,,,,,,,,,,
38103,STRATEGIES AND PROCESSES OF NEGOTIATION,100,38103-81,Winter,2026,"Wittenbrink, Bernd",TH 6:00 PM-9:00 PM,,,Y,0,0,Y,,38001 38002 38003,,,Y,,,,,,,,,,,,,
38103,STRATEGIES AND PROCESSES OF NEGOTIATION,100,38103-02,Winter,2026,"Zinchenko, Elena",M 1:30 PM-4:30 PM,,,Y,0,0,Y,,38001 38002 38003,,,Y,,,,,,,,,,,,,
38103,STRATEGIES AND PROCESSES OF NEGOTIATION,100,38103-04,Spring,2026,"Zinchenko, Elena",TH 8:30 AM-11:30 AM,,,Y,0,0,Y,,38001 38002 38003,,,Y,,,,,,,,,,,,,
38103,STRATEGIES AND PROCESSES OF NEGOTIATION,100,38103-85,Spring,2026,"Zinchenko, Elena",S 1:30 PM-4:30 PM,,,Y,0,0,Y,,38001 38002 38003,,,Y,,,,,,,,,,,,,
38105,ADVANCED NEGOTIATIONS,100,38105-01,Spring,2026,"Wu, George",,,,,0,0,Y,38103,,,,Y,,,,,,,,,,,,,
38105,ADVANCED NEGOTIATIONS,100,38105-02,Spring,2026,"Wu, George",TH 1:30 PM-4:30 PM,,,,0,0,Y,38103,,,,Y,,,,,,,,,,,,,
38105,ADVANCED NEGOTIATIONS,100,38105-81,Spring,2026,"Wu, George",TH 6:00 PM-9:00 PM,,,,0,0,Y,38103,,,,Y,,,,,,,,,,,,,
38107,CRAFTING AND DELIVERING PERSUASIVE NARRATIVES,100,38107-81,Winter,2026,"Weitzman, Hal",T 6:00 PM-9:00 PM,,,,0,0,Y,,,,,Y,,,,,,,,,,,,,
38107,CRAFTING AND DELIVERING PERSUASIVE NARRATIVES,100,38107-01,Spring,2026,"Weitzman, Hal",T 5:00 PM-8:00 PM,,,,5850,5850,Y,,,,,Y,,,,,,,,,,,,,
38115,ETHICS OF BUSINESS,100,38115-85,Winter,2026,"Rollert, John",S 1:30 PM-4:30 PM,Society,,,0,0,Y,,,,,Y,,Y,,,,,,,,,,,
38119,DESIGNING A GOOD LIFE,100,38119-01,Winter,2026,"Epley, Nicholas",W 1:30 PM-4:30 PM,Society,,Y,8592,8592,Y,,,,,Y,,Y,,,,,,,,,,,
38119,DESIGNING A GOOD LIFE,100,38119-02,Winter,2026,"Epley, Nicholas",TH 8:30 AM-11:30 AM,Society,,Y,500,500,Y,,,,,Y,,Y,,,,,,,,,,,
38119,DESIGNING A GOOD LIFE,100,38119-81,Winter,2026,"Epley, Nicholas",W 6:00 PM-9:00 PM,Society,,Y,2158,2158,Y,,,,,Y,,Y,,,,,,,,,,,
38120,THE STUDY OF BEHAVIORAL ECONOMICS,100,38120-01,Autumn,2025,"Dean, Joshua",W 8:30 AM-11:30 AM,Decisions,,,0,6012,Y,,,,,Y,,,,Y,,,,,,,,,
38120,THE STUDY OF BEHAVIORAL ECONOMICS,100,38120-85,Autumn,2025,"Dean, Joshua",S 9:00 AM-12:00 PM,Decisions,,,0,0,Y,,,,,Y,,,,Y,,,,,,,,,
38120,THE STUDY OF BEHAVIORAL ECONOMICS,100,38120-01,Winter,2026,"Pope, Devin",T 8:30 AM-11:30 AM,Decisions,,Y,11246,11246,Y,,,,,Y,,,,Y,,,,,,,,,
38120,THE STUDY OF BEHAVIORAL ECONOMICS,100,38120-02,Winter,2026,"Pope, Devin",W 1:30 PM-4:30 PM,Decisions,,Y,10267,10267,Y,,,,,Y,,,,Y,,,,,,,,,
38120,THE STUDY OF BEHAVIORAL ECONOMICS,100,38120-81,Winter,2026,"Pope, Devin",T 6:00 PM-9:00 PM,Decisions,,Y,6543,6543,Y,,,,,Y,,,,Y,,,,,,,,,
38122,DIVERSITY IN ORGANIZATIONS,100,38122-01,Winter,2026,"Risen, Jane",TH 1:30 PM-4:30 PM,People,,,0,0,Y,,,,,Y,,Y,,,,,,,,,,,
38122,DIVERSITY IN ORGANIZATIONS,100,38122-81,Winter,2026,"Risen, Jane",TH 6:00 PM-9:00 PM,People,,,0,0,Y,,,,,Y,,Y,,,,,,,,,,,
38126,CULTURE (AND WHY IT MATTERS),100,38126-01,Autumn,2025,"Talhelm, Thomas",W 8:30 AM-11:30 AM,Society,,,1199,0,Y,,,,,Y,,,,,,,,,,,,,
38126,CULTURE (AND WHY IT MATTERS),100,38126-02,Autumn,2025,"Talhelm, Thomas",W 1:30 PM-4:30 PM,Society,,,900,0,Y,,,,,Y,,,,,,,,,,,,,
38126,CULTURE (AND WHY IT MATTERS),100,38126-81,Autumn,2025,"Talhelm, Thomas",TH 6:00 PM-9:00 PM,Society,,,0,0,Y,,,,,Y,,,,,,,,,,,,,
38601,WORKSHOP IN BEHAVIORAL SCIENCE,100,38601-60,Spring,2026,"Chaudhry, Shereen; Epley, Nicholas",M 10:10 AM-11:30 AM,,,,0,0,Y,,,,,,,,,,,,,,,,,,
38601,WORKSHOP IN BEHAVIORAL SCIENCE,100,38601-60,Winter,2026,"Fishbach, Ayelet; Todorov, Alexander",M 10:10 AM-11:30 AM,,,,0,0,Y,,,,,,,,,,,,,,,,,,
38601,WORKSHOP IN BEHAVIORAL SCIENCE,100,38601-60,Autumn,2025,"Koch, Alex; Pope, Devin",M 10:10 AM-11:30 AM,,,,0,0,Y,,,,,,,,,,,,,,,,,,
38820,LEADERSHIP CAPITAL,50,38820-88,Summer,2026,"GINZEL, LINDA","08/03, 08/04, 08/06, 08/07,",,,,,,,,,,,Y,,,,,,,,,,,,,
38886,POWER AND INFLUENCE IN ORGANIZATIONS,50,38886-88,Summer,2026,"MENON, TANYA No non-Booth Students GRADES RESTRICTIONS No pass/fail grades No auditors SYLLABUS","08/10, 08/11, 08/12, 08/14,",,,,,,,,,,,Y,,,,,,,,,,,,,
38901,CURRENT TOPICS IN BEHAVIORAL SCIENCE I,100,38901-50,Winter,2026,"Chaudhry, Shereen; Todorov, Alexander",W 3:30 PM-6:30 PM,,,,0,0,Y,,,,,,,,,,,,,,,,,,
38914,FOUNDATIONS OF SOCIAL PSYCHOLOGY,100,38914-50,Spring,2026,"Epley, Nicholas",M 1:30 PM-4:30 PM,,,,0,0,Y,,,,,,,,,,,,,,,,,,
38916,BEHAVIORAL ECONOMICS - DEVELOPMENT & OBSERVATIONAL DATA,100,38916-50,Autumn,2025,"Dean, Joshua; Pope, Devin",T 1:30 PM-4:30 PM,,,,0,0,Y,38916 41175,,,,,,,,,,,,,,,,,
38917,TOPICS IN BEHAVIORAL ECONOMICS,100,38917-50,Spring,2026,"Bursztyn, Leo",M 5:30 PM-8:20 PM,,,,0,0,Y,,38917 41120,,,,,,,,,,,,,,,,
39001,STRATEGY AND STRUCTURE: MARKETS AND ORGANIZATIONS,100,39001-01,Winter,2026,"Li, Ningzi",TH 1:30 PM-4:30 PM,Strategy,,,0,0,Y,39001,,,,,,,,,,,,,,,,,Y
39001,STRATEGY AND STRUCTURE: MARKETS AND ORGANIZATIONS,100,39001-85,Spring,2026,"Li, Ningzi",S 1:30 PM-4:30 PM,Strategy,,,0,0,Y,39001,,,,,,,,,,,,,,,,,Y
39101,TECHNOLOGY STRATEGY,100,39101-01,Autumn,2025,"Knez, Marc",M 8:30 AM-11:30 AM,Strategy,,,2117,0,Y,42001 39001,,,,,,,,,Y,,,,,,,,Y
39101,TECHNOLOGY STRATEGY,100,39101-81,Autumn,2025,"Knez, Marc",M 6:00 PM-9:00 PM,Strategy,,,0,0,Y,42001 39001,,,,,,,,,Y,,,,,,,,Y
39101,TECHNOLOGY STRATEGY,100,39101-01,Spring,2026,"Knez, Marc",M 8:30 AM-11:30 AM,Strategy,,,1,1,Y,42001 39001,,,,,,,,,Y,,,,,,,,Y
39101,TECHNOLOGY STRATEGY,100,39101-85,Spring,2026,"Knez, Marc",S 9:00 AM-12:00 PM,Strategy,,,0,0,Y,42001 39001,,,,,,,,,Y,,,,,,,,Y
40000,OPERATIONS MANAGEMENT: BUSINESS PROCESS FUNDAMENTALS,100,40000-01,Winter,2026,"Candogan, Ozan",T 8:30 AM-11:30 AM,Operations,,,0,0,Y,,40000 20500,,,,,,,,,,,,,,,Y,
40000,OPERATIONS MANAGEMENT: BUSINESS PROCESS FUNDAMENTALS,100,40000-02,Winter,2026,"Candogan, Ozan",T 1:30 PM-4:30 PM,Operations,,,11,11,Y,,40000 20500,,,,,,,,,,,,,,,Y,
40000,OPERATIONS MANAGEMENT: BUSINESS PROCESS FUNDAMENTALS,100,40000-03,Spring,2026,"Candogan, Ozan",T 8:30 AM-11:30 AM,Operations,,,0,0,Y,,40000 20500,,,,,,,,,,,,,,,Y,
40000,OPERATIONS MANAGEMENT: BUSINESS PROCESS FUNDAMENTALS,100,40000-04,Spring,2026,"Candogan, Ozan",T 1:30 PM-4:30 PM,Operations,,,0,0,Y,,40000 20500,,,,,,,,,,,,,,,Y,
40000,OPERATIONS MANAGEMENT: BUSINESS PROCESS FUNDAMENTALS,100,40000-81,Summer,2026,,TH 6:00 PM-9:00 PM,Operations,,,,,,,40000 20500,,,,,,,,,,,,,,,Y,
40000,OPERATIONS MANAGEMENT: BUSINESS PROCESS FUNDAMENTALS,100,40000-85,Summer,2026,,S 1:30 PM-4:30 PM,Operations,,,,,,,40000 20500,,,,,,,,,,,,,,,Y,
40000,OPERATIONS MANAGEMENT: BUSINESS PROCESS FUNDAMENTALS,100,40000-01,Spring,2026,"Zhong, Yuan",W 8:30 AM-11:30 AM,Operations,,,0,0,Y,,40000 20500,,,,,,,,,,,,,,,Y,
40000,OPERATIONS MANAGEMENT: BUSINESS PROCESS FUNDAMENTALS,100,40000-02,Spring,2026,"Zhong, Yuan",TH 1:30 PM-4:30 PM,Operations,,,0,0,Y,,40000 20500,,,,,,,,,,,,,,,Y,
40000,OPERATIONS MANAGEMENT: BUSINESS PROCESS FUNDAMENTALS,100,40000-81,Spring,2026,"Zhong, Yuan",W 6:00 PM-9:00 PM,Operations,,,0,0,Y,,40000 20500,,,,,,,,,,,,,,,Y,
40101,SUPPLY CHAIN STRATEGY AND PRACTICE,100,40101-01,Autumn,2025,"DeHoratius, Nicole",M 8:30 AM-11:30 AM,Operations,,,0,909,Y,,,,,,,,,,,,,,,,,Y,
40101,SUPPLY CHAIN STRATEGY AND PRACTICE,100,40101-81,Autumn,2025,"DeHoratius, Nicole",M 6:00 PM-9:00 PM,Operations,,,0,0,Y,,,,,,,,,,,,,,,,,Y,
40101,SUPPLY CHAIN STRATEGY AND PRACTICE,100,40101-01,Winter,2026,"DeValve, Levi",T 8:30 AM-11:30 AM,Operations,,,0,0,Y,,,,,,,,,,,,,,,,,Y,
40101,SUPPLY CHAIN STRATEGY AND PRACTICE,100,40101-02,Winter,2026,"DeValve, Levi",W 8:30 AM-11:30 AM,Operations,,,0,0,Y,,,,,,,,,,,,,,,,,Y,
40101,SUPPLY CHAIN STRATEGY AND PRACTICE,100,40101-81,Winter,2026,"DeValve, Levi",T 6:00 PM-9:00 PM,Operations,,,35,35,Y,,,,,,,,,,,,,,,,,Y,
40108,REVENUE MANAGEMENT,100,40108-85,Spring,2026,"Caldentey, Rene",S 9:00 AM-12:00 PM,Operations,,,0,0,Y,,33001 41000 41100,,,,Y,,,,,,,,,,,Y,
40110,MANAGING SERVICE OPERATIONS,100,40110-01,Autumn,2025,"Ward, Amy",TH 1:30 PM-4:30 PM,Operations,,,2388,0,Y,,,,,,,,,,Y,,,,,,,Y,
40110,MANAGING SERVICE OPERATIONS,100,40110-81,Autumn,2025,"Ward, Amy",TH 6:00 PM-9:00 PM,Operations,,,0,0,Y,,,,,,,,,,Y,,,,,,,Y,
40111,PROJECT MANAGEMENT,100,40111-85,Summer,2026,"CHAYET, SERGIO",S 9:00 AM-12:00 PM,,,,,,,,,,,,,,,,,,,,,,,Y,
40206,HEALTHCARE BUSINESS ANALYTICS,100,40206-01,Winter,2026,"Adelman, Dan",TH 2:00 PM-5:00 PM,,Y,,0,0,Y,40206 40205 40201 40721,,,,,Y,,,,,,,,Y,,,Y,
40206,HEALTHCARE BUSINESS ANALYTICS,100,40206-81,Winter,2026,"Adelman, Dan",TH 6:00 PM-9:00 PM,,Y,,0,0,Y,40206 40205 40201 40721,,,,,Y,,,,,,,,Y,,,Y,
40721,HEALTHCARE ANALYTICS LAB,100,40721-01,Winter,2026,"ADELMAN, DAN",W 8:30 AM-11:30 AM,,,,,,,,40206 40721 41201 41100 41204 40000 30001 36106 32100,,,,Y,,,,,,,,Y,,,Y,
40915,FRONTIERS IN AI FOR OPERATIONAL DECISION-MAKING,100,40915-50,Winter,2026,"Candogan, Ozan",M 1:30 PM-4:30 PM,,,,0,0,Y,,,,,,,,,,,,,,,,,,
41000,BUSINESS STATISTICS,100,41000-01,Winter,2026,"Aragam, Bryon",TH 8:30 AM-11:30 AM,Statistics,,,1000,1000,Y,,,,,,,,Y,,,,,,,,,,
41000,BUSINESS STATISTICS,100,41000-02,Winter,2026,"Aragam, Bryon",F 8:30 AM-11:30 AM,Statistics,,,0,0,Y,,,,,,,,Y,,,,,,,,,,
41000,BUSINESS STATISTICS,100,41000-85,Winter,2026,"Aragam, Bryon",S 9:00 AM-12:00 PM,Statistics,,,0,0,Y,,,,,,,,Y,,,,,,,,,,
41000,BUSINESS STATISTICS,100,41000-04,Autumn,2025,"Deb, Nabarun",T 8:30 AM-11:30 AM,Statistics,,,0,0,Y,,,,,,,,Y,,,,,,,,,,
41000,BUSINESS STATISTICS,100,41000-05,Autumn,2025,"Deb, Nabarun",T 1:30 PM-4:30 PM,Statistics,,,0,0,Y,,,,,,,,Y,,,,,,,,,,
41000,BUSINESS STATISTICS,100,41000-01,Autumn,2025,"Kaji, Tetsuya",M 1:30 PM-4:30 PM,Statistics,,,2706,0,Y,,,,,,,,Y,,,,,,,,,,
41000,BUSINESS STATISTICS,100,41000-02,Autumn,2025,"Kaji, Tetsuya",M 5:00 PM-8:00 PM,Statistics,,,0,0,Y,,,,,,,,Y,,,,,,,,,,
41000,BUSINESS STATISTICS,100,41000-81,Spring,2026,"Kankanala, Sid",M 6:00 PM-9:00 PM,Statistics,,,0,0,Y,,,,,,,,Y,,,,,,,,,,
41000,BUSINESS STATISTICS,100,41000-85,Spring,2026,"Kankanala, Sid",S 9:00 AM-12:00 PM,Statistics,,,0,0,Y,,,,,,,,Y,,,,,,,,,,
41000,BUSINESS STATISTICS,100,41000-81,Summer,2026,,TH 6:00 PM-9:00 PM,Statistics,,,,,,,,,,,,,Y,,,,,,,,,,
41000,BUSINESS STATISTICS,100,41000-85,Summer,2026,,S 9:00 AM-12:00 PM,Statistics,,,,,,,,,,,,,Y,,,,,,,,,,
41000,BUSINESS STATISTICS,100,41000-03,Winter,2026,"Liang, Tengyuan",TH 8:30 AM-11:30 AM,Statistics,,,0,0,Y,,,,,,,,Y,,,,,,,,,,
41000,BUSINESS STATISTICS,100,41000-81,Winter,2026,"Liang, Tengyuan",TH 6:00 PM-9:00 PM,Statistics,,,0,0,Y,,,,,,,,Y,,,,,,,,,,
41000,BUSINESS STATISTICS,100,41000-03,Autumn,2025,"Polson, Nicholas",W 8:30 AM-11:30 AM,Statistics,,,2007,0,Y,,,,,,,,Y,,,,,,,,,,
41000,BUSINESS STATISTICS,100,41000-85,Autumn,2025,"Polson, Nicholas",S 9:00 AM-12:00 PM,Statistics,,,0,0,Y,,,,,,,,Y,,,,,,,,,,
41000,BUSINESS STATISTICS,100,41000-06,Autumn,2025,,"09/08, 09/10, 09/12, 09/15,",Statistics,,,,,,,,,,,,,Y,,,,,,,,,,
41000,BUSINESS STATISTICS,100,41000-07,Autumn,2025,,"09/08, 09/10, 09/12, 09/15,",Statistics,,,,,,,,,,,,,Y,,,,,,,,,,
41100,Applied Regression Analysis,100,41100-01,Autumn,2025,"Smetanina, Ekaterina (Katja)",M 8:30 AM-11:30 AM,Statistics,,,0,0,Y,,41000,,,,,,Y,,,,,,,,,,
41100,Applied Regression Analysis,100,41100-02,Autumn,2025,"Smetanina, Ekaterina (Katja)",W 3:30 PM-6:30 PM,Statistics,,,0,0,Y,,41000,,,,,,Y,,,,,,,,,,
41100,Applied Regression Analysis,100,41100-01,Winter,2026,"Toulis (Panos), Panagiotis",T 8:30 AM-11:30 AM,Statistics,,,0,0,Y,,41000,,,,,,Y,,,,,,,,,,
41100,Applied Regression Analysis,100,41100-02,Winter,2026,"Toulis (Panos), Panagiotis",T 1:30 PM-4:30 PM,Statistics,,,1,1,Y,,41000,,,,,,Y,,,,,,,,,,
41203,FINANCIAL ECONOMETRICS,100,41203-81,Winter,2026,"Russell, Jeffrey",W 6:00 PM-9:00 PM,Statistics,,,0,0,Y,,,,,,Y,,Y,,,Y,Y,,,,,,
41204,MACHINE LEARNING,100,41204-01,Spring,2026,"Hansen, Christian",M 1:30 PM-4:30 PM,Statistics,,,0,0,Y,,41000 41100,,,,Y,,Y,,,,,,,,,,
41207,Causal Inference for Business Applications,100,41207-01,Winter,2026,"Toulis (Panos), Panagiotis",TH 8:30 AM-11:30 AM,Statistics,,,0,0,Y,,41100,,,,,,Y,,,,,,,,,,
41210,FINANCIAL ANALYTICS,100,41210-01,Autumn,2025,"XIU, DACHENG","09/08, 09/10, 09/12, 09/15,",,,,,,,,,,,,,,,,,,,,,,,,
41210,FINANCIAL ANALYTICS,100,41210-02,Autumn,2025,"XIU, DACHENG","09/08, 09/10, 09/12, 09/15,",,,,,,,,,,,,,,,,,,,,,,,,
41215,DATA INTELLIGENCE,100,41215-01,Autumn,2025,"Rockova, Veronika",T 1:30 PM-4:30 PM,Statistics,,,528,0,Y,,41000 41100 32100 32200 35137 41204 32210 37105 37103 41207,,,,Y,,Y,,,,,,,,,,
41215,DATA INTELLIGENCE,100,41215-81,Autumn,2025,"Rockova, Veronika",T 6:00 PM-9:00 PM,Statistics,,,0,0,Y,,41000 41100 32100 32200 35137 41204 32210 37105 37103 41207,,,,Y,,Y,,,,,,,,,,
41600,ECONOMETRICS AND STATISTICS COLLOQUIUM,100,41600-60,Autumn,2025,"Deb, Nabarun; Smetanina, Ekaterina (Katja)",TH 1:20 PM-2:30 PM,,,,0,0,Y,,41600 51400,,,,,,,,,,,,,,,,
41600,ECONOMETRICS AND STATISTICS COLLOQUIUM,100,41600-60,Winter,2026,"Hansen, Christian",TH 1:20 PM-2:30 PM,,,,0,0,Y,,41600 51400,,,,,,,,,,,,,,,,
41600,ECONOMETRICS AND STATISTICS COLLOQUIUM,100,41600-60,Spring,2026,"Kankanala, Sid; Li, Shuangning",TH 1:20 PM-2:30 PM,,,,0,0,Y,,41600 51400,,,,,,,,,,,,,,,,
41901,PROBABILITY AND STATISTICS,100,41901-50,Autumn,2025,"Kaji, Tetsuya",F 1:30 PM-4:30 PM,Statistics,,,0,0,Y,,41901 32400,,,,,,Y,,,,,,,,,,
41902,STATISTICAL INFERENCE,100,41902-50,Winter,2026,"Xiu, Dacheng",M 1:30 PM-4:30 PM,Statistics,,,0,0,Y,,41901,,,,,,Y,,,,,,,,,,
41903,APPLIED ECONOMETRICS,100,41903-50,Spring,2026,"Hansen, Christian",TTH 3:30 PM-5:00 PM,Statistics,,,0,0,Y,,41901 41902,,,,,,Y,,,,,,,,,,
41910,TIME-SERIES ANALYSIS FOR FORECASTING AND MODEL BUILDING,100,41910-50,Winter,2026,"Russell, Jeffrey",F 1:30 PM-4:30 PM,Statistics,,,1,1,Y,,41901 41910 33500,,,,,,Y,,,,,,,,,,
41916,"BAYES, AI AND DEEP LEARNING",100,41916-50,Autumn,2025,"Polson, Nicholas",TH 8:30 AM-11:30 AM,Statistics,,,0,0,Y,,,,,,,,,,,,,,,,,,
41919,CONTEMPORARY BAYESIAN INFERENCE,100,41919-50,Spring,2026,"Rockova, Veronika",F 1:30 PM-4:30 PM,,,,0,0,Y,41919 32419,,,,,,,,,,,,,,,,,
42001,COMPETITIVE STRATEGY,100,42001-03,Winter,2026,"Almagro, Milena",M 1:30 PM-4:30 PM,Strategy,,,0,0,Y,,33001,,,,,,,Y,,,,,,,,,Y
42001,COMPETITIVE STRATEGY,100,42001-04,Winter,2026,"Almagro, Milena",T 5:00 PM-8:00 PM,Strategy,,,0,0,Y,,33001,,,,,,,Y,,,,,,,,,Y
42001,COMPETITIVE STRATEGY,100,42001-03,Autumn,2025,"Fitzgerald, Kathleen",W 8:30 AM-11:30 AM,Strategy,,,864,0,Y,,33001,,,,,,,Y,,,,,,,,,Y
42001,COMPETITIVE STRATEGY,100,42001-04,Autumn,2025,"Fitzgerald, Kathleen",TH 8:30 AM-11:30 AM,Strategy,,,0,0,Y,,33001,,,,,,,Y,,,,,,,,,Y
42001,COMPETITIVE STRATEGY,100,42001-85,Autumn,2025,"Fitzgerald, Kathleen",S 9:00 AM-12:00 PM,Strategy,,,0,0,Y,,33001,,,,,,,Y,,,,,,,,,Y
42001,COMPETITIVE STRATEGY,100,42001-01,Winter,2026,"Humlum, Anders",T 8:30 AM-11:30 AM,Strategy,,,5,5,Y,,33001,,,,,,,Y,,,,,,,,,Y
42001,COMPETITIVE STRATEGY,100,42001-02,Winter,2026,"Humlum, Anders",T 1:30 PM-4:30 PM,Strategy,,,300,300,Y,,33001,,,,,,,Y,,,,,,,,,Y
42001,COMPETITIVE STRATEGY,100,42001-81,Winter,2026,"Humlum, Anders",T 6:00 PM-9:00 PM,Strategy,,,0,0,Y,,33001,,,,,,,Y,,,,,,,,,Y
42001,COMPETITIVE STRATEGY,100,42001-01,Spring,2026,"Leshno, Jacob",M 8:30 AM-11:30 AM,Strategy,,,0,0,Y,,33001,,,,,,,Y,,,,,,,,,Y
42001,COMPETITIVE STRATEGY,100,42001-02,Spring,2026,"Leshno, Jacob",M 1:30 PM-4:30 PM,Strategy,,,0,0,Y,,33001,,,,,,,Y,,,,,,,,,Y
42001,COMPETITIVE STRATEGY,100,42001-81,Spring,2026,"Shivakumar, Ram",W 6:00 PM-9:00 PM,Strategy,,,0,0,Y,,33001,,,,,,,Y,,,,,,,,,Y
42001,COMPETITIVE STRATEGY,100,42001-85,Summer,2026,,S 1:30 PM-4:30 PM,Strategy,,,,,,,33001,,,,,,,Y,,,,,,,,,Y
42001,COMPETITIVE STRATEGY,100,42001-01,Autumn,2025,"Wollmann, Thomas",TH 1:30 PM-4:30 PM,Strategy,,,0,2100,Y,,33001,,,,,,,Y,,,,,,,,,Y
42001,COMPETITIVE STRATEGY,100,42001-02,Autumn,2025,"Wollmann, Thomas",F 8:30 AM-11:30 AM,Strategy,,,4478,0,Y,,33001,,,,,,,Y,,,,,,,,,Y
42001,COMPETITIVE STRATEGY,100,42001-81,Autumn,2025,"Wollmann, Thomas",TH 6:00 PM-9:00 PM,Strategy,,,0,1598,Y,,33001,,,,,,,Y,,,,,,,,,Y
42005,LITERATURE AND LEADERSHIP,100,42005-81,Spring,2026,"Barry, Brian",T 6:00 PM-9:00 PM,,,,0,0,Y,,42005,,,,,,,,,,,,,,,,
42108,CORPORATE GOVERNANCE,100,42108-01,Winter,2026,"Chookaszian, Dennis",F 1:30 PM-4:30 PM,,,,0,0,Y,,,,,,,,,,,,,,,,,,Y
42108,CORPORATE GOVERNANCE,100,42108-81,Winter,2026,"Chookaszian, Dennis",F 6:00 PM-9:00 PM,,,,3986,3986,Y,,,,,,,,,,,,,,,,,,Y
42116,GAME THEORY,100,42116-01,Autumn,2025,"Kamenica, Emir",M 1:30 PM-4:30 PM,Strategy,,,0,2000,Y,,,,,,,,,Y,,,,,,,,,Y
42116,GAME THEORY,100,42116-81,Autumn,2025,"Kamenica, Emir",M 6:00 PM-9:00 PM,Strategy,,,0,0,Y,,,,,,,,,Y,,,,,,,,,Y
42121,MERGER & ACQUISITION STRATEGY,100,42121-81,Autumn,2025,"Morrissette, Stephen",W 6:00 PM-9:00 PM,,,Y,0,15000,Y,,42001 35201,,,,,,,,,,,,,,,,Y
42121,MERGER & ACQUISITION STRATEGY,100,42121-81,Winter,2026,"Morrissette, Stephen",W 6:00 PM-9:00 PM,,,Y,14000,14000,Y,,42001 35201,,,,,,,,,,,,,,,,Y
42124,STORYTELLING AND NARRATIVES IN BUSINESS,100,42124-01,Spring,2026,"Rolnik, Guy",TH 1:30 PM-4:30 PM,,,,6500,6500,Y,,,,,,,,,,,,,,,,,,Y
42124,STORYTELLING AND NARRATIVES IN BUSINESS,100,42124-81,Spring,2026,"Rolnik, Guy",TH 6:00 PM-9:00 PM,,,,0,0,Y,,,,,,,,,,,,,,,,,,Y
42124,STORYTELLING AND NARRATIVES IN BUSINESS,100,42124-85,Spring,2026,"Rolnik, Guy",S 9:00 AM-12:00 PM,,,,0,0,Y,,,,,,,,,,,,,,,,,,Y
42126,ARTS LEADERSHIP: EXEMPLARY IS NOT ENOUGH,50,42126-01,Autumn,2025,"Ittelson, Mary",W 1:30 PM-4:30 PM,,,,0,0,Y,,,,,,,,,,,,,,,,,,Y
42129,THE POLITICAL ECONOMY OF CLIMATE CHANGE,100,42129-81,Winter,2026,"Wheat, Chris",M 6:00 PM-9:00 PM,,,,0,0,Y,,,,,,,Y,,,,,,,,,,,
42132,STRATEGY AND DIGITAL DISRUPTION,50,42132-81,Autumn,2025,"Mang, Paul",T 6:00 PM-9:00 PM,,,,0,0,Y,,39001 42001,,,,,,,,,,,,,,,,
42133,"MEDIA POWER: HOW MEDIA INFLUENCES BUSINESS, MARKETS AND REGULATIONS",100,42133-01,Winter,2026,"Rolnik, Guy",TH 1:30 PM-4:30 PM,,,,829,829,Y,42123 42705,,,,,,,,,,,,,,,,,Y
42133,"MEDIA POWER: HOW MEDIA INFLUENCES BUSINESS, MARKETS AND REGULATIONS",100,42133-81,Winter,2026,"Rolnik, Guy",TH 6:00 PM-9:00 PM,,,,0,0,Y,42123 42705,,,,,,,,,,,,,,,,,Y
42133,"MEDIA POWER: HOW MEDIA INFLUENCES BUSINESS, MARKETS AND REGULATIONS",100,42133-85,Winter,2026,"Rolnik, Guy",S 9:00 AM-12:00 PM,,,,0,0,Y,42123 42705,,,,,,,,,,,,,,,,,Y
42134,STRATEGY IN THE ERA OF AI AND TECHNOLOGICAL DISRUPTION,50,42134-01,Autumn,2025,"Silberg, Gary",T 1:30 PM-4:30 PM,,,,0,0,Y,,,,,,,,,,,,,,,,,,
42135,PLATFORMS AND MARKET DESIGN,100,42135-01,Spring,2026,"Budish, Eric",M 1:30 PM-4:30 PM,Strategy,,,1070,1070,Y,,33001 42001,,,,,,,Y,,,,,,,,,Y
42135,PLATFORMS AND MARKET DESIGN,100,42135-81,Spring,2026,"Budish, Eric",M 6:00 PM-9:00 PM,Strategy,,,0,0,Y,,33001 42001,,,,,,,Y,,,,,,,,,Y
42136,SOCIAL IMPACT STRATEGY,100,42136-01,Spring,2026,"Hachikian, Christina",T 8:30 AM-11:30 AM,Society,,,0,0,Y,42136 42125 20930,,,,,,Y,,,,,,,,,,,Y
42201,THE LEGAL INFRASTRUCTURE OF BUSINESS,100,42201-81,Autumn,2025,"Picker, Randal",W 6:00 PM-9:00 PM,Society,,,0,0,Y,,,,,,,,,,,,,,,,,,
42201,THE LEGAL INFRASTRUCTURE OF BUSINESS,100,42201-85,Autumn,2025,"Picker, Randal",S 1:30 PM-4:30 PM,Society,,,0,0,Y,,,,,,,,,,,,,,,,,,
42708,CORPORATE SOCIAL RESPONSIBILITY (CSR) SOCIAL IMPACT PRACTICUM,100,42708-01,Winter,2026,"GROSSMAN, CAROLINE",T 1:30 PM-4:30 PM,,,,,,,,,,,,,Y,,,,,,,,,,,Y
42709,CONSULTING LAB,100,42709-01,Spring,2026,"DAVIS, HARRY",TH 1:30 PM-4:30 PM,,Y,,,,,,,,,,,,,,,,,,Y,,,,Y
42710,SOCIAL IMPACT LAB,100,42710-01,Winter,2026,"CONNOR, TODD",T 8:30 AM-11:30 AM,,,,,,,,,,,,,Y,,,,,,,Y,,,,Y
42711,GLOBAL SOCIAL ENTREPRENEURSHIP LAB,100,42711-01,Winter,2026,"HANNA, ANDREW LEON",TH 1:30 PM-4:30 PM,,,,,,,,,,,,,Y,,,Y,,,,,,,,Y
42715,STRATEGY SIMULATION: CREATING VALUE IN COMPLEX AND AMBIGUOUS SETTINGS,100,42715-01,Winter,2026,"Fitzgerald, Kathleen",W 1:30 PM-4:30 PM,Strategy,,,6002,6002,Y,,,,,,,,,,,,,,,,,,Y
42715,STRATEGY SIMULATION: CREATING VALUE IN COMPLEX AND AMBIGUOUS SETTINGS,100,42715-81,Winter,2026,"Fitzgerald, Kathleen",T 6:00 PM-9:00 PM,Strategy,,,0,0,Y,,,,,,,,,,,,,,,,,,Y
42813,STORYTELLING,50,42813-87,Summer,2026,"ROLNIK, GUY","08/03, 08/04, 08/05, 08/07,",,,,,,,,,,,,,,,,,,,,,,,,Y
42813,STORYTELLING,50,42813-88,Summer,2026,"ROLNIK, GUY","08/10, 08/11, 08/12, 08/14,",,,,,,,,,,,,,,,,,,,,,,,,Y
42830,STRATEGY AND DISRUPTION,50,42830-88,Summer,2026,"KNEZ, MARC","08/10, 08/11, 08/13, 08/14,",,,,,,,,,,,,,,,,Y,,,,,,,,Y
43100,AI ESSENTIALS,100,43100-01,Winter,2026,"Xiu, Dacheng",M 8:30 AM-11:30 AM,,,,1257,1257,Y,,,,Y,,Y,,,,,,,,,,,,
43120,BUILDING AN AI COMPANY,100,43120-01,Autumn,2025,"Ganoza, Carlos",T 8:30 AM-11:30 AM,,,,0,4888,Y,,,,Y,,,,,,Y,,,,,,,,
43120,BUILDING AN AI COMPANY,100,43120-01,Winter,2026,"Ganoza, Carlos",T 8:30 AM-11:30 AM,,,,0,0,Y,,,,Y,,,,,,Y,,,,,,,,
43130,AI FOR GOOD,100,43130-01,Spring,2026,"Ganoza, Carlos",T 8:30 AM-11:30 AM,,,,0,0,Y,30135 32210 35137 41204 43100 43120,,,Y,,,Y,,,,,,,,,,,
43800,ANALYTICS WITH AI,50,43800-88,Summer,2026,"MISRA, SANJOG","08/03, 08/04, 08/06, 08/07,",,,,,,,,,,Y,,,,,,,,,,,,,,
43950,RESEARCH TOPICS IN GENERATIVE AI,100,43950-50,Winter,2026,"Misra, Sanjog",W 1:30 PM-4:30 PM,,,,0,0,Y,,,,Y,,,,,,,,,,,,,,
44101,VOICE OF A LEADER: SPEAKING WITH EXECUTIVE PRESENCE,100,44101-01,Winter,2026,"Weitzman, Hal",W 8:30 AM-11:30 AM,,,,0,0,Y,,,,,,,,,,,,,,,,,,
44101,VOICE OF A LEADER: SPEAKING WITH EXECUTIVE PRESENCE,100,44101-81,Summer,2026,"WEITZMAN, HAL",W 6:00 PM-9:00 PM,,,,,,,,,,,,,,,,,,,,,,,,
